1.182104274630546570e-01,7.646350562572479248e-02,5.853091552853584290e-02,1.432591080665588379e-01,5.139071345329284668e-01,2.974010258913040161e-02,5.988878384232521057e-02
9.883982688188552856e-02,5.495525524020195007e-02,4.331124573945999146e-02,1.277506351470947266e-01,6.112536787986755371e-01,1.966813020408153534e-02,4.422125592827796936e-02
1.011334732174873352e-01,5.299614369869232178e-02,4.267899692058563232e-02,1.244456842541694641e-01,6.133071780204772949e-01,2.071344293653964996e-02,4.472510144114494324e-02
7.502010464668273926e-02,3.402413800358772278e-02,2.588222920894622803e-02,1.008245721459388733e-01,7.272248268127441406e-01,1.021427940577268600e-02,2.680981159210205078e-02
9.913980215787887573e-02,4.994669929146766663e-02,4.224780946969985962e-02,1.234538331627845764e-01,6.218122839927673340e-01,2.032390050590038300e-02,4.307573661208152771e-02
8.568789064884185791e-02,4.677678272128105164e-02,3.313831239938735962e-02,1.164166405797004700e-01,6.709167957305908203e-01,1.307391375303268433e-02,3.398965299129486084e-02
1.247899159789085388e-01,7.710272818803787231e-02,6.728760153055191040e-02,1.469260901212692261e-01,4.771746397018432617e-01,3.835355862975120544e-02,6.836545467376708984e-02
7.505279034376144409e-02,3.885583207011222839e-02,2.599801495671272278e-02,1.034539863467216492e-01,7.197343707084655762e-01,9.597377851605415344e-03,2.730763517320156097e-02
1.220618188381195068e-01,8.310977369546890259e-02,6.395144760608673096e-02,1.494914889335632324e-01,4.850624501705169678e-01,3.234919905662536621e-02,6.397377699613571167e-02
1.229524537920951843e-01,7.669521868228912354e-02,6.594408303499221802e-02,1.465032696723937988e-01,4.842832982540130615e-01,3.667844459414482117e-02,6.694319844245910645e-02
6.587470322847366333e-02,3.120326437056064606e-02,2.066092565655708313e-02,9.183726459741592407e-02,7.610803842544555664e-01,7.271677255630493164e-03,2.207175828516483307e-02
1.087064146995544434e-01,5.597757175564765930e-02,4.864079877734184265e-02,1.299004554748535156e-01,5.817472338676452637e-01,2.522501721978187561e-02,4.980248957872390747e-02
1.279245316982269287e-01,8.718623965978622437e-02,7.135964184999465942e-02,1.517066210508346558e-01,4.498749673366546631e-01,3.983685746788978577e-02,7.211112976074218750e-02
8.765760809183120728e-02,3.892745822668075562e-02,3.372026979923248291e-02,1.108420118689537048e-01,6.793998479843139648e-01,1.537725236266851425e-02,3.407553210854530334e-02
1.114898249506950378e-01,5.931074544787406921e-02,5.092422664165496826e-02,1.320778578519821167e-01,5.670087933540344238e-01,2.675938233733177185e-02,5.242907628417015076e-02
1.050003170967102051e-01,5.573588609695434570e-02,4.528291895985603333e-02,1.270209550857543945e-01,5.962565541267395020e-01,2.290135435760021210e-02,4.780207201838493347e-02
1.181288585066795349e-01,7.236970961093902588e-02,5.990258604288101196e-02,1.422346830368041992e-01,5.139102339744567871e-01,3.194733336567878723e-02,6.150660291314125061e-02
1.203338354825973511e-01,8.483555167913436890e-02,6.205298006534576416e-02,1.507229804992675781e-01,4.920040965080261230e-01,2.943987213075160980e-02,6.061068549752235413e-02
1.012431755661964417e-01,5.146170407533645630e-02,4.371681809425354004e-02,1.254692375659942627e-01,6.122851967811584473e-01,2.129909023642539978e-02,4.452478513121604919e-02
1.084312424063682556e-01,5.750147253274917603e-02,5.063983425498008728e-02,1.336713731288909912e-01,5.730376839637756348e-01,2.601935341954231262e-02,5.069902539253234863e-02
9.507115930318832397e-02,5.566839501261711121e-02,3.934516012668609619e-02,1.263949275016784668e-01,6.273546218872070312e-01,1.625127531588077545e-02,3.991451114416122437e-02
1.211774423718452454e-01,7.866688817739486694e-02,6.307840347290039062e-02,1.462939828634262085e-01,4.929440319538116455e-01,3.349484875798225403e-02,6.434433162212371826e-02
9.457512199878692627e-02,4.207663983106613159e-02,3.560004010796546936e-02,1.127155274152755737e-01,6.590459942817687988e-01,1.807055994868278503e-02,3.791610896587371826e-02
7.659491151571273804e-02,3.714571893215179443e-02,2.703583240509033203e-02,1.031789258122444153e-01,7.169848680496215820e-01,1.061952579766511917e-02,2.844019420444965363e-02
9.942919760942459106e-02,5.025893822312355042e-02,4.204121977090835571e-02,1.238588765263557434e-01,6.212498545646667480e-01,2.015435881912708282e-02,4.300759732723236084e-02
7.374671101570129395e-02,3.042324818670749664e-02,2.492729201912879944e-02,9.700897336006164551e-02,7.381553053855895996e-01,1.019708812236785889e-02,2.554132975637912750e-02
1.036951467394828796e-01,6.330711394548416138e-02,4.612747952342033386e-02,1.342989355325698853e-01,5.854419469833374023e-01,2.044935896992683411e-02,4.668006300926208496e-02
1.336769610643386841e-01,1.018438711762428284e-01,8.001790195703506470e-02,1.605311185121536255e-01,4.055505394935607910e-01,4.230314493179321289e-02,7.607645541429519653e-02
1.471203267574310303e-01,1.115039438009262085e-01,1.157305017113685608e-01,1.478689312934875488e-01,2.622568905353546143e-01,9.848792105913162231e-02,1.170314028859138489e-01
1.026665046811103821e-01,6.183740869164466858e-02,4.471499845385551453e-02,1.314989477396011353e-01,5.934380292892456055e-01,1.993794366717338562e-02,4.590614512562751770e-02
7.797218114137649536e-02,3.637322038412094116e-02,2.737507037818431854e-02,1.030725613236427307e-01,7.155919671058654785e-01,1.096845418214797974e-02,2.864645980298519135e-02
1.230788305401802063e-01,8.181356638669967651e-02,6.529752165079116821e-02,1.486670523881912231e-01,4.803809523582458496e-01,3.470190986990928650e-02,6.606013327836990356e-02
1.194673478603363037e-01,7.119952142238616943e-02,5.996257811784744263e-02,1.419510990381240845e-01,5.127909183502197266e-01,3.311684355139732361e-02,6.151170283555984497e-02
8.336105197668075562e-02,4.512568935751914978e-02,3.084354475140571594e-02,1.119962632656097412e-01,6.842502951622009277e-01,1.211181376129388809e-02,3.231129422783851624e-02
9.673424810171127319e-02,4.796833544969558716e-02,3.947632387280464172e-02,1.210234761238098145e-01,6.357534527778625488e-01,1.862781122326850891e-02,4.041638970375061035e-02
1.261910051107406616e-01,8.277639001607894897e-02,7.023871690034866333e-02,1.497804224491119385e-01,4.598680138587951660e-01,3.982406482100486755e-02,7.132135331630706787e-02
9.865571558475494385e-02,5.516597256064414978e-02,4.157359898090362549e-02,1.247821599245071411e-01,6.168789267539978027e-01,1.918422617018222809e-02,4.375940188765525818e-02
1.250912100076675415e-01,7.451914995908737183e-02,6.665401905775070190e-02,1.466636210680007935e-01,4.815677702426910400e-01,3.855247050523757935e-02,6.695183366537094116e-02
1.257601231336593628e-01,8.643686771392822266e-02,6.848376989364624023e-02,1.514356583356857300e-01,4.628132283687591553e-01,3.639615327119827271e-02,6.867424398660659790e-02
1.271186321973800659e-01,8.362169563770294189e-02,7.147124409675598145e-02,1.503906399011611938e-01,4.539590775966644287e-01,4.093197733163833618e-02,7.250680029392242432e-02
1.126235127449035645e-01,7.010878622531890869e-02,5.212587490677833557e-02,1.372146457433700562e-01,5.483633875846862793e-01,2.554822154343128204e-02,5.401557311415672302e-02
1.103176474571228027e-01,5.834638699889183044e-02,4.825972765684127808e-02,1.285253167152404785e-01,5.783377289772033691e-01,2.526279352605342865e-02,5.095047876238822937e-02
1.247006803750991821e-01,8.504197746515274048e-02,6.719531118869781494e-02,1.507389396429061890e-01,4.695686399936676025e-01,3.537777811288833618e-02,6.737667322158813477e-02
9.691327810287475586e-02,4.207713901996612549e-02,3.771615773439407349e-02,1.136044561862945557e-01,6.509497165679931641e-01,1.995427161455154419e-02,3.878500312566757202e-02
1.192416474223136902e-01,7.483600825071334839e-02,6.144574657082557678e-02,1.440872699022293091e-01,5.046103000640869141e-01,3.280902653932571411e-02,6.297007203102111816e-02
1.330215781927108765e-01,9.208820760250091553e-02,7.975989580154418945e-02,1.537793278694152832e-01,4.118933379650115967e-01,4.850050806999206543e-02,8.095719665288925171e-02
1.150226220488548279e-01,7.197158783674240112e-02,5.621379986405372620e-02,1.409018933773040771e-01,5.296431779861450195e-01,2.847428806126117706e-02,5.777272209525108337e-02
9.818874299526214600e-02,4.564713686704635620e-02,4.086891934275627136e-02,1.203320175409317017e-01,6.336407661437988281e-01,2.028546296060085297e-02,4.103692248463630676e-02
1.199652254581451416e-01,7.780912518501281738e-02,6.171549484133720398e-02,1.456189304590225220e-01,4.996568560600280762e-01,3.226928412914276123e-02,6.296505033969879150e-02
8.874934911727905273e-02,4.740535467863082886e-02,3.463039919734001160e-02,1.162976175546646118e-01,6.619887948036193848e-01,1.467247866094112396e-02,3.625606000423431396e-02
9.353260695934295654e-02,5.749940872192382812e-02,3.714920952916145325e-02,1.265414953231811523e-01,6.342901587486267090e-01,1.402102224528789520e-02,3.696606680750846863e-02
1.018898710608482361e-01,5.883878469467163086e-02,4.414615407586097717e-02,1.287895441055297852e-01,6.000803112983703613e-01,2.035701647400856018e-02,4.589826241135597229e-02
9.346978366374969482e-02,4.591839760541915894e-02,3.796078264713287354e-02,1.192299574613571167e-01,6.474640369415283203e-01,1.734826155006885529e-02,3.860880434513092041e-02
1.110884621739387512e-01,6.906346231698989868e-02,5.013393238186836243e-02,1.356011778116226196e-01,5.576267838478088379e-01,2.423228695988655090e-02,5.225399509072303772e-02
7.363348454236984253e-02,3.138481825590133667e-02,2.477231062948703766e-02,9.751879423856735229e-02,7.369801402091979980e-01,1.000872999429702759e-02,2.570171467959880829e-02
1.238585785031318665e-01,7.843188941478729248e-02,6.727363914251327515e-02,1.475624293088912964e-01,4.769814610481262207e-01,3.759691119194030762e-02,6.829506158828735352e-02
1.316211968660354614e-01,8.980830013751983643e-02,7.767359167337417603e-02,1.532239466905593872e-01,4.228692650794982910e-01,4.625301435589790344e-02,7.855064421892166138e-02
1.297073215246200562e-01,9.217911958694458008e-02,7.395108789205551147e-02,1.546355336904525757e-01,4.355299770832061768e-01,4.038105532526969910e-02,7.361590862274169922e-02
8.581982553005218506e-02,4.436166957020759583e-02,3.317211940884590149e-02,1.132836565375328064e-01,6.748781204223632812e-01,1.384037453681230545e-02,3.464429080486297607e-02
1.020435094833374023e-01,6.205768510699272156e-02,4.411125555634498596e-02,1.314703524112701416e-01,5.958516597747802734e-01,1.934875734150409698e-02,4.511675238609313965e-02
1.272653341293334961e-01,8.753001689910888672e-02,7.045499980449676514e-02,1.521260440349578857e-01,4.535783231258392334e-01,3.834140673279762268e-02,7.070384174585342407e-02
9.991022944450378418e-02,5.894023552536964417e-02,4.219140857458114624e-02,1.283127218484878540e-01,6.086935400962829590e-01,1.847049966454505920e-02,4.348126053810119629e-02
1.166381761431694031e-01,6.928301602602005005e-02,5.797855556011199951e-02,1.405021250247955322e-01,5.252974629402160645e-01,3.085262700915336609e-02,5.944802239537239075e-02
7.333880662918090820e-02,3.176382184028625488e-02,2.508510462939739227e-02,9.911513328552246094e-02,7.353900671005249023e-01,9.810723364353179932e-03,2.549629658460617065e-02
8.032035082578659058e-02,3.976836055517196655e-02,2.902084402740001678e-02,1.065918281674385071e-01,7.021687030792236328e-01,1.162776257842779160e-02,3.050217591226100922e-02
1.049331128597259521e-01,5.883666500449180603e-02,4.718674719333648682e-02,1.306984424591064453e-01,5.867510437965393066e-01,2.290477603673934937e-02,4.868916422128677368e-02
8.270042389631271362e-02,3.579847142100334167e-02,3.036568872630596161e-02,1.067105606198310852e-01,7.005647420883178711e-01,1.323670241981744766e-02,3.062337636947631836e-02
9.738025069236755371e-02,5.117623507976531982e-02,4.066912084817886353e-02,1.231471449136734009e-01,6.268383860588073730e-01,1.877881586551666260e-02,4.201018437743186951e-02
1.143474504351615906e-01,8.008749037981033325e-02,5.579634010791778564e-02,1.483145058155059814e-01,5.246816277503967285e-01,2.381372451782226562e-02,5.295887216925621033e-02
1.225635558366775513e-01,7.738743722438812256e-02,6.328364461660385132e-02,1.438054442405700684e-01,4.922358095645904541e-01,3.503429889678955078e-02,6.568980216979980469e-02
9.072114527225494385e-02,4.345460608601570129e-02,3.552834689617156982e-02,1.152843609452247620e-01,6.623525023460388184e-01,1.608799956738948822e-02,3.657102584838867188e-02
1.263258904218673706e-01,8.585634827613830566e-02,6.966415792703628540e-02,1.515910178422927856e-01,4.585038125514984131e-01,3.800858184695243835e-02,7.005020976066589355e-02
1.084214746952056885e-01,5.740103125572204590e-02,4.763601720333099365e-02,1.291469931602478027e-01,5.825830698013305664e-01,2.477581053972244263e-02,5.003556981682777405e-02
7.840436697006225586e-02,3.496649861335754395e-02,2.771741338074207306e-02,1.033479645848274231e-01,7.157632708549499512e-01,1.135488413274288177e-02,2.844562381505966187e-02
8.429656922817230225e-02,3.878504410386085510e-02,3.086594864726066589e-02,1.085762158036231995e-01,6.916900873184204102e-01,1.353637129068374634e-02,3.224973753094673157e-02
1.104784160852432251e-01,6.125018745660781860e-02,5.228471755981445312e-02,1.350013315677642822e-01,5.611046552658081055e-01,2.675347961485385895e-02,5.312723293900489807e-02
1.126668155193328857e-01,6.765682995319366455e-02,5.200950056314468384e-02,1.348233669996261597e-01,5.515760779380798340e-01,2.646765485405921936e-02,5.479977279901504517e-02
9.173958003520965576e-02,5.081824213266372681e-02,3.727460280060768127e-02,1.208658888936042786e-01,6.447582840919494629e-01,1.591881364583969116e-02,3.862469643354415894e-02
8.605010807514190674e-02,4.467706009745597839e-02,3.338908031582832336e-02,1.144272834062576294e-01,6.731643676757812500e-01,1.376450806856155396e-02,3.452760726213455200e-02
7.862384617328643799e-02,3.548474237322807312e-02,2.776103094220161438e-02,1.032851561903953552e-01,7.146188020706176758e-01,1.143298950046300888e-02,2.879342436790466309e-02
1.391611844301223755e-01,1.053880006074905396e-01,8.911480009555816650e-02,1.604135930538177490e-01,3.643150031566619873e-01,5.412161722779273987e-02,8.748575299978256226e-02
9.788818657398223877e-02,5.733847618103027344e-02,4.102374985814094543e-02,1.270811408758163452e-01,6.165681481361389160e-01,1.779900491237640381e-02,4.230135679244995117e-02
1.398645937442779541e-01,9.685947746038436890e-02,9.733940660953521729e-02,1.477912962436676025e-01,3.241463899612426758e-01,9.195454418659210205e-02,1.020442694425582886e-01
8.419533073902130127e-02,4.242157191038131714e-02,3.206916153430938721e-02,1.119890138506889343e-01,6.828282475471496582e-01,1.323955785483121872e-02,3.325717896223068237e-02
8.617355674505233765e-02,3.921979293227195740e-02,3.282573446631431580e-02,1.111710965633392334e-01,6.830660104751586914e-01,1.435956638306379318e-02,3.318422660231590271e-02
1.095738112926483154e-01,6.616334617137908936e-02,5.106406286358833313e-02,1.365666538476943970e-01,5.592347979545593262e-01,2.483057044446468353e-02,5.256673321127891541e-02
7.065534591674804688e-02,2.774561755359172821e-02,2.308342047035694122e-02,9.231471270322799683e-02,7.531569004058837891e-01,9.399823844432830811e-03,2.364416792988777161e-02
1.140029057860374451e-01,6.865652650594711304e-02,5.498974770307540894e-02,1.379864513874053955e-01,5.390553474426269531e-01,2.832034416496753693e-02,5.698871612548828125e-02
1.147601231932640076e-01,6.506091356277465820e-02,5.631256476044654846e-02,1.391135007143020630e-01,5.380696058273315430e-01,2.976077049970626831e-02,5.692254751920700073e-02
9.339883178472518921e-02,5.123877152800559998e-02,3.782879188656806946e-02,1.207103505730628967e-01,6.409214138984680176e-01,1.644459180533885956e-02,3.945720568299293518e-02
6.959170848131179810e-02,3.328743577003479004e-02,2.268378622829914093e-02,9.589324146509170532e-02,7.463037967681884766e-01,8.227254264056682587e-03,2.401276119053363800e-02
1.052642762660980225e-01,5.408617481589317322e-02,4.654652625322341919e-02,1.284925192594528198e-01,5.947276949882507324e-01,2.344857342541217804e-02,4.743428900837898254e-02
8.263827115297317505e-02,3.853500634431838989e-02,3.082216903567314148e-02,1.091606095433235168e-01,6.945773959159851074e-01,1.292005181312561035e-02,3.134647384285926819e-02
1.062882840633392334e-01,5.981226637959480286e-02,4.837121069431304932e-02,1.326359659433364868e-01,5.797407031059265137e-01,2.357016876339912415e-02,4.958136752247810364e-02
1.289892792701721191e-01,8.806370198726654053e-02,7.304951548576354980e-02,1.511948704719543457e-01,4.407194554805755615e-01,4.273122176527976990e-02,7.525200396776199341e-02
1.141251623630523682e-01,6.711553037166595459e-02,5.534091219305992126e-02,1.382773667573928833e-01,5.394220948219299316e-01,2.875885367393493652e-02,5.696009099483489990e-02
1.148567795753479004e-01,7.567331939935684204e-02,5.800181627273559570e-02,1.470491439104080200e-01,5.198531746864318848e-01,2.743024937808513641e-02,5.713553726673126221e-02
1.049293652176856995e-01,6.134208291769027710e-02,4.634258523583412170e-02,1.307801455259323120e-01,5.862851738929748535e-01,2.196555398404598236e-02,4.835515469312667847e-02
7.728125900030136108e-02,3.496200591325759888e-02,2.683660574257373810e-02,1.016017720103263855e-01,7.203216552734375000e-01,1.092783175408840179e-02,2.806895226240158081e-02
1.046429723501205444e-01,6.126612424850463867e-02,4.562196880578994751e-02,1.299663484096527100e-01,5.892540812492370605e-01,2.146020717918872833e-02,4.778837040066719055e-02
8.149790018796920776e-02,3.950337320566177368e-02,2.965615876019001007e-02,1.071604341268539429e-01,6.990609169006347656e-01,1.211952883750200272e-02,3.100172616541385651e-02
9.327832609415054321e-02,4.658923298120498657e-02,3.756308928132057190e-02,1.185934469103813171e-01,6.483253836631774902e-01,1.700353808701038361e-02,3.864698484539985657e-02
1.167407706379890442e-01,7.212135195732116699e-02,5.861189961433410645e-02,1.416497230529785156e-01,5.199012160301208496e-01,3.071191534399986267e-02,6.026309356093406677e-02
1.165377274155616760e-01,6.322876363992691040e-02,5.428783968091011047e-02,1.340590566396713257e-01,5.457292199134826660e-01,2.963587082922458649e-02,5.652152374386787415e-02
1.226297989487648010e-01,8.459702134132385254e-02,6.146426126360893250e-02,1.507116556167602539e-01,4.911544024944305420e-01,2.906198054552078247e-02,6.038078293204307556e-02
1.073010489344596863e-01,5.786251649260520935e-02,4.904261231422424316e-02,1.319959014654159546e-01,5.791885852813720703e-01,2.464683726429939270e-02,4.996246844530105591e-02
8.977909386157989502e-02,4.158310592174530029e-02,3.492065146565437317e-02,1.136250793933868408e-01,6.685592532157897949e-01,1.586180180311203003e-02,3.567104786634445190e-02
1.230131089687347412e-01,7.636685669422149658e-02,6.571368128061294556e-02,1.461745500564575195e-01,4.852848052978515625e-01,3.664130717515945435e-02,6.680575758218765259e-02
1.028708145022392273e-01,5.665842816233634949e-02,4.501695185899734497e-02,1.283008754253387451e-01,5.989738702774047852e-01,2.152638137340545654e-02,4.665271565318107605e-02
1.098306998610496521e-01,7.936273515224456787e-02,5.179907754063606262e-02,1.492585092782974243e-01,5.444826483726501465e-01,1.903512887656688690e-02,4.623122885823249817e-02
1.270660907030105591e-01,8.788309246301651001e-02,7.018585503101348877e-02,1.523118317127227783e-01,4.545303285121917725e-01,3.778625652194023132e-02,7.023662328720092773e-02
1.242998912930488586e-01,8.297011256217956543e-02,6.704596430063247681e-02,1.495396047830581665e-01,4.721007943153381348e-01,3.622150793671607971e-02,6.782216578722000122e-02
9.140183031558990479e-02,4.385295882821083069e-02,3.638887032866477966e-02,1.165651902556419373e-01,6.581119298934936523e-01,1.654649339616298676e-02,3.713275492191314697e-02
8.653247356414794922e-02,4.117199778556823730e-02,3.257153928279876709e-02,1.110517233610153198e-01,6.806432604789733887e-01,1.418611686676740646e-02,3.384291380643844604e-02
7.823815196752548218e-02,3.526446223258972168e-02,2.742479741573333740e-02,1.026865914463996887e-01,7.167840003967285156e-01,1.118589472025632858e-02,2.841611206531524658e-02
1.261727958917617798e-01,7.718868553638458252e-02,6.722041219472885132e-02,1.451671570539474487e-01,4.764668643474578857e-01,3.882057964801788330e-02,6.896350532770156860e-02
9.952454268932342529e-02,5.275750532746315002e-02,4.232562705874443054e-02,1.247265934944152832e-01,6.170977950096130371e-01,1.984493061900138855e-02,4.372294992208480835e-02
1.247448027133941650e-01,9.160513430833816528e-02,6.912954151630401611e-02,1.583205759525299072e-01,4.582297205924987793e-01,3.291202336549758911e-02,6.505812704563140869e-02
8.284172415733337402e-02,4.409152269363403320e-02,3.043493814766407013e-02,1.108374297618865967e-01,6.878932714462280273e-01,1.199308410286903381e-02,3.190798312425613403e-02
1.151674836874008179e-01,8.098290115594863892e-02,6.015305966138839722e-02,1.533555090427398682e-01,5.054159760475158691e-01,2.721629291772842407e-02,5.770875513553619385e-02
8.794562518596649170e-02,4.150616750121116638e-02,3.360703587532043457e-02,1.121737509965896606e-01,6.751206517219543457e-01,1.494441460818052292e-02,3.470237180590629578e-02
1.289363801479339600e-01,8.272540569305419922e-02,7.353378832340240479e-02,1.493553966283798218e-01,4.427564442157745361e-01,4.686823859810829163e-02,7.582427561283111572e-02
1.020687744021415710e-01,5.006811767816543579e-02,4.402208328247070312e-02,1.245974525809288025e-01,6.126328706741333008e-01,2.199729904532432556e-02,4.461336508393287659e-02
1.253425329923629761e-01,8.580866456031799316e-02,6.764464825391769409e-02,1.503194868564605713e-01,4.656932950019836426e-01,3.648959100246429443e-02,6.870178878307342529e-02
1.237113773822784424e-01,8.237253874540328979e-02,6.624730676412582397e-02,1.491767466068267822e-01,4.759689867496490479e-01,3.552307933568954468e-02,6.699994206428527832e-02
1.267011314630508423e-01,8.369115740060806274e-02,7.081619650125503540e-02,1.501918137073516846e-01,4.564658403396606445e-01,4.022224992513656616e-02,7.191158086061477661e-02
9.429880976676940918e-02,5.101491510868072510e-02,3.854515776038169861e-02,1.208023652434349060e-01,6.376904249191284180e-01,1.722953841090202332e-02,4.041873663663864136e-02
9.499060362577438354e-02,4.802858829498291016e-02,3.870345652103424072e-02,1.200480014085769653e-01,6.404827237129211426e-01,1.776409707963466644e-02,3.998255729675292969e-02
1.022708341479301453e-01,5.773527547717094421e-02,4.525613784790039062e-02,1.293065994977951050e-01,5.972171425819396973e-01,2.136718295514583588e-02,4.684682190418243408e-02
1.198014616966247559e-01,7.186570018529891968e-02,6.163975596427917480e-02,1.432297974824905396e-01,5.071300864219665527e-01,3.362876176834106445e-02,6.270436197519302368e-02
1.182211861014366150e-01,7.625322788953781128e-02,5.852686613798141479e-02,1.434669941663742065e-01,5.139240026473999023e-01,2.973096072673797607e-02,5.987675860524177551e-02
1.104759946465492249e-01,6.569460779428482056e-02,5.426277965307235718e-02,1.393634676933288574e-01,5.488044023513793945e-01,2.681222371757030487e-02,5.458655208349227905e-02
1.276780515909194946e-01,8.463577181100845337e-02,7.129439711570739746e-02,1.499871760606765747e-01,4.529464542865753174e-01,4.081004858016967773e-02,7.264807820320129395e-02
8.659398555755615234e-02,4.291110858321189880e-02,3.285565599799156189e-02,1.119752749800682068e-01,6.772212386131286621e-01,1.408425532281398773e-02,3.435855358839035034e-02
1.094868257641792297e-01,6.510247290134429932e-02,5.105210840702056885e-02,1.353456974029541016e-01,5.604156255722045898e-01,2.560592442750930786e-02,5.299129709601402283e-02
9.646121412515640259e-02,5.315754935145378113e-02,4.028386250138282776e-02,1.231254190206527710e-01,6.266172528266906738e-01,1.825532503426074982e-02,4.209933057427406311e-02
1.391247361898422241e-01,1.130129173398017883e-01,9.629198908805847168e-02,1.656507551670074463e-01,3.378104269504547119e-01,5.714805796742439270e-02,9.096108376979827881e-02
1.197851225733757019e-01,7.443346083164215088e-02,6.116731464862823486e-02,1.433469355106353760e-01,5.053759217262268066e-01,3.301715478301048279e-02,6.287404149770736694e-02
1.217307746410369873e-01,7.270234078168869019e-02,6.339988857507705688e-02,1.441961228847503662e-01,4.983574748039245605e-01,3.529468923807144165e-02,6.431877613067626953e-02
1.258115321397781372e-01,7.890029996633529663e-02,6.869532912969589233e-02,1.477096378803253174e-01,4.698860049247741699e-01,3.928521275520324707e-02,6.971202790737152100e-02
1.246083974838256836e-01,8.328858762979507446e-02,6.696807593107223511e-02,1.493426263332366943e-01,4.716818034648895264e-01,3.621196374297142029e-02,6.789847463369369507e-02
1.015295684337615967e-01,5.694778263568878174e-02,4.423788562417030334e-02,1.279358565807342529e-01,6.026938557624816895e-01,2.072020992636680603e-02,4.593477770686149597e-02
1.112755089998245239e-01,6.372017413377761841e-02,5.121002346277236938e-02,1.335787177085876465e-01,5.603996515274047852e-01,2.628700248897075653e-02,5.352892726659774780e-02
1.263118982315063477e-01,7.493965327739715576e-02,6.784722954034805298e-02,1.470193862915039062e-01,4.760979115962982178e-01,3.978927806019783020e-02,6.799462437629699707e-02
1.300845295190811157e-01,8.930481225252151489e-02,7.459923624992370605e-02,1.521828472614288330e-01,4.336447417736053467e-01,4.380135610699653625e-02,7.638245820999145508e-02
1.223729327321052551e-01,8.035103231668472290e-02,6.212593987584114075e-02,1.465022116899490356e-01,4.920969307422637939e-01,3.332458809018135071e-02,6.322633475065231323e-02
8.040054142475128174e-02,3.866625204682350159e-02,2.917360700666904449e-02,1.061711683869361877e-01,7.031406164169311523e-01,1.190281938761472702e-02,3.054497763514518738e-02
8.924670517444610596e-02,4.509780555963516235e-02,3.470572829246520996e-02,1.152143478393554688e-01,6.642714142799377441e-01,1.517912466078996658e-02,3.628484532237052917e-02
1.247910857200622559e-01,8.811231702566146851e-02,6.683062016963958740e-02,1.514813005924224854e-01,4.674751460552215576e-01,3.443658724427223206e-02,6.687299162149429321e-02
9.181828051805496216e-02,4.569013044238090515e-02,3.504206985235214233e-02,1.140982583165168762e-01,6.590074300765991211e-01,1.641584932804107666e-02,3.792793303728103638e-02
7.634839415550231934e-02,3.321163356304168701e-02,2.560098655521869659e-02,9.911949187517166138e-02,7.274228334426879883e-01,1.087930332869291306e-02,2.741744555532932281e-02
9.583466500043869019e-02,4.593709483742713928e-02,3.950630500912666321e-02,1.207426786422729492e-01,6.396484375000000000e-01,1.858246512711048126e-02,3.974838927388191223e-02
9.398631751537322998e-02,4.966456815600395203e-02,3.830551356077194214e-02,1.203339770436286926e-01,6.409013867378234863e-01,1.703223958611488342e-02,3.977605700492858887e-02
7.449866831302642822e-02,3.057225979864597321e-02,2.465379796922206879e-02,9.641446173191070557e-02,7.374144792556762695e-01,1.049178745597600937e-02,2.595451101660728455e-02
1.286588460206985474e-01,9.548809379339218140e-02,7.267294824123382568e-02,1.579325646162033081e-01,4.397843778133392334e-01,3.623670339584350586e-02,6.922652572393417358e-02
1.164518222212791443e-01,6.850839406251907349e-02,5.695859715342521667e-02,1.392040848731994629e-01,5.275700092315673828e-01,3.145677968859672546e-02,5.985030904412269592e-02
7.343371212482452393e-02,3.140500187873840332e-02,2.480516023933887482e-02,9.744770079851150513e-02,7.374018430709838867e-01,9.908319450914859772e-03,2.559835277497768402e-02
1.314486414194107056e-01,9.749183803796768188e-02,7.693628221750259399e-02,1.563092768192291260e-01,4.181494712829589844e-01,4.287530109286308289e-02,7.678914815187454224e-02
1.214548200368881226e-01,7.912777364253997803e-02,6.520862132310867310e-02,1.489391773939132690e-01,4.854591488838195801e-01,3.455552831292152405e-02,6.525497883558273315e-02
1.272388547658920288e-01,8.911827951669692993e-02,7.186233252286911011e-02,1.523419171571731567e-01,4.537294507026672363e-01,3.659515455365180969e-02,6.911411136388778687e-02
8.671972155570983887e-02,4.308014363050460815e-02,3.301412984728813171e-02,1.123666763305664062e-01,6.762188076972961426e-01,1.409753784537315369e-02,3.450297936797142029e-02
1.141764596104621887e-01,6.503724306821823120e-02,5.401313677430152893e-02,1.359792053699493408e-01,5.464667081832885742e-01,2.837498672306537628e-02,5.595226213335990906e-02
9.950979053974151611e-02,6.179580092430114746e-02,4.261805117130279541e-02,1.319346129894256592e-01,6.038466095924377441e-01,1.750940270721912384e-02,4.278580844402313232e-02
8.759191632270812988e-02,4.361773654818534851e-02,3.360519558191299438e-02,1.131877675652503967e-01,6.723714470863342285e-01,1.452658884227275848e-02,3.509931638836860657e-02
1.304941475391387939e-01,9.178913384675979614e-02,7.539389282464981079e-02,1.545012593269348145e-01,4.300856888294219971e-01,4.239742085337638855e-02,7.533849775791168213e-02
8.564138412475585938e-02,4.151314496994018555e-02,3.225018084049224854e-02,1.111240237951278687e-01,6.823301911354064941e-01,1.370513997972011566e-02,3.343603760004043579e-02
1.139437258243560791e-01,6.994041800498962402e-02,5.293189361691474915e-02,1.366275548934936523e-01,5.444566011428833008e-01,2.667083218693733215e-02,5.542894452810287476e-02
1.114745810627937317e-01,6.228826195001602173e-02,5.338428542017936707e-02,1.368305534124374390e-01,5.545487999916076660e-01,2.753875218331813812e-02,5.393474176526069641e-02
9.106357395648956299e-02,4.151036590337753296e-02,3.577068820595741272e-02,1.138393804430961609e-01,6.646813154220581055e-01,1.669566147029399872e-02,3.643895313143730164e-02
9.892325848340988159e-02,5.060625448822975159e-02,4.059625416994094849e-02,1.209217235445976257e-01,6.269934773445129395e-01,1.936422102153301239e-02,4.259479045867919922e-02
1.249584630131721497e-01,8.430412411689758301e-02,6.742580235004425049e-02,1.500920206308364868e-01,4.689533710479736328e-01,3.620902448892593384e-02,6.805719435214996338e-02
9.835676848888397217e-02,5.317241698503494263e-02,4.175060614943504333e-02,1.247191578149795532e-01,6.195611953735351562e-01,1.925158873200416565e-02,4.318822547793388367e-02
1.160141676664352417e-01,7.641650736331939697e-02,5.731492862105369568e-02,1.450526565313339233e-01,5.203773975372314453e-01,2.743491344153881073e-02,5.738943815231323242e-02
1.052775904536247253e-01,5.546012893319129944e-02,4.702902585268020630e-02,1.295439451932907104e-01,5.913316011428833008e-01,2.343252673745155334e-02,4.792517051100730896e-02
1.050333455204963684e-01,6.163209304213523865e-02,4.696148633956909180e-02,1.322859376668930054e-01,5.834865570068359375e-01,2.209995500743389130e-02,4.850067570805549622e-02
1.095247045159339905e-01,5.671491473913192749e-02,5.061743408441543579e-02,1.321658641099929810e-01,5.734477639198303223e-01,2.648830413818359375e-02,5.104104056954383850e-02
1.030127778649330139e-01,5.394949018955230713e-02,4.538589343428611755e-02,1.285251677036285400e-01,6.011530756950378418e-01,2.202289551496505737e-02,4.595070332288742065e-02
1.148336902260780334e-01,6.362904608249664307e-02,5.519825965166091919e-02,1.375816464424133301e-01,5.432164669036865234e-01,2.955588325858116150e-02,5.598492547869682312e-02
9.801844507455825806e-02,5.463456735014915466e-02,4.120598733425140381e-02,1.242894157767295837e-01,6.197922825813293457e-01,1.886277087032794952e-02,4.319665208458900452e-02
8.508722484111785889e-02,3.912855312228202820e-02,3.188681229948997498e-02,1.095507889986038208e-01,6.875895857810974121e-01,1.395038701593875885e-02,3.280669450759887695e-02
1.068560630083084106e-01,6.413516402244567871e-02,5.004896968603134155e-02,1.357932388782501221e-01,5.685316920280456543e-01,2.365107648074626923e-02,5.098374187946319580e-02
1.020871698856353760e-01,5.528206005692481995e-02,4.443156719207763672e-02,1.273410320281982422e-01,6.037120223045349121e-01,2.122383750975131989e-02,4.592234641313552856e-02
8.422469347715377808e-02,4.369231685996055603e-02,3.175272420048713684e-02,1.115477383136749268e-01,6.823229789733886719e-01,1.308412384241819382e-02,3.337555378675460815e-02
8.701775968074798584e-02,4.214769974350929260e-02,3.285765647888183594e-02,1.115024536848068237e-01,6.778361201286315918e-01,1.429762225598096848e-02,3.434067592024803162e-02
7.234776020050048828e-02,3.154300898313522339e-02,2.366607449948787689e-02,9.571895003318786621e-02,7.418897151947021484e-01,9.505352005362510681e-03,2.532915025949478149e-02
8.274593204259872437e-02,3.895410150289535522e-02,3.008336760103702545e-02,1.073679998517036438e-01,6.969011425971984863e-01,1.261353399604558945e-02,3.133397176861763000e-02
1.168000921607017517e-01,7.468190044164657593e-02,5.797712132334709167e-02,1.432513296604156494e-01,5.187903046607971191e-01,2.932370081543922424e-02,5.917550250887870789e-02
1.282534599304199219e-01,9.139698743820190430e-02,7.146628946065902710e-02,1.542900949716567993e-01,4.464299380779266357e-01,3.764348477125167847e-02,7.051973789930343628e-02
1.199243366718292236e-01,6.911717355251312256e-02,6.075055897235870361e-02,1.415781527757644653e-01,5.133378505706787109e-01,3.362276405096054077e-02,6.166917830705642700e-02
1.291912645101547241e-01,9.219807386398315430e-02,7.826819270849227905e-02,1.598201841115951538e-01,4.223647415637969971e-01,4.282991960644721985e-02,7.532760500907897949e-02
9.616096317768096924e-02,5.219019576907157898e-02,4.046785458922386169e-02,1.234854310750961304e-01,6.277173161506652832e-01,1.816580258309841156e-02,4.181245341897010803e-02
1.100757345557212830e-01,6.666519492864608765e-02,5.113461241126060486e-02,1.362867504358291626e-01,5.578359961509704590e-01,2.502762153744697571e-02,5.297412723302841187e-02
1.038151830434799194e-01,5.482978746294975281e-02,4.528139904141426086e-02,1.279355734586715698e-01,5.995321869850158691e-01,2.210772782564163208e-02,4.649811238050460815e-02
7.617516070604324341e-02,3.121566772460937500e-02,2.618722245097160339e-02,9.833325445652008057e-02,7.301958203315734863e-01,1.107808388769626617e-02,2.681473828852176666e-02
1.280494630336761475e-01,7.672289758920669556e-02,6.621148437261581421e-02,1.428696364164352417e-01,4.777815639972686768e-01,3.930876404047012329e-02,6.905619055032730103e-02
1.260165423154830933e-01,7.894778996706008911e-02,6.865317374467849731e-02,1.474521309137344360e-01,4.696503579616546631e-01,3.942760080099105835e-02,6.985245645046234131e-02
1.272144317626953125e-01,8.298502862453460693e-02,7.056150585412979126e-02,1.488694846630096436e-01,4.575066566467285156e-01,4.066383466124534607e-02,7.219898700714111328e-02
6.259799003601074219e-02,2.415892854332923889e-02,1.964346319437026978e-02,8.660274744033813477e-02,7.800107598304748535e-01,7.260300219058990479e-03,1.972569525241851807e-02
1.010897457599639893e-01,5.643299594521522522e-02,4.268546774983406067e-02,1.249447166919708252e-01,6.095353960990905762e-01,2.012601681053638458e-02,4.518568888306617737e-02
1.321083307266235352e-01,9.623628109693527222e-02,7.812455296516418457e-02,1.558509021997451782e-01,4.149811267852783203e-01,4.461630061268806458e-02,7.808246463537216187e-02
8.898825198411941528e-02,4.656229913234710693e-02,3.560765087604522705e-02,1.169781312346458435e-01,6.597857475280761719e-01,1.521260756999254227e-02,3.686529770493507385e-02
1.152982935309410095e-01,7.251866906881332397e-02,5.667205899953842163e-02,1.419988423585891724e-01,5.268628001213073730e-01,2.866715379059314728e-02,5.798217654228210449e-02
1.017063632607460022e-01,5.277611687779426575e-02,4.364039748907089233e-02,1.261639297008514404e-01,6.097536087036132812e-01,2.116223983466625214e-02,4.479734227061271667e-02
8.621785789728164673e-02,4.163595661520957947e-02,3.290909901261329651e-02,1.120868250727653503e-01,6.789713501930236816e-01,1.420420873910188675e-02,3.397466242313385010e-02
1.129537075757980347e-01,6.196884438395500183e-02,5.466435477137565613e-02,1.374700218439102173e-01,5.493882894515991211e-01,2.873824164271354675e-02,5.481651797890663147e-02
1.159539446234703064e-01,7.147634029388427734e-02,5.696608498692512512e-02,1.403782516717910767e-01,5.268334746360778809e-01,2.952324785292148590e-02,5.886873602867126465e-02
8.366996049880981445e-02,3.714102506637573242e-02,3.099809773266315460e-02,1.078916788101196289e-01,6.952944993972778320e-01,1.347947679460048676e-02,3.152519837021827698e-02
1.048772558569908142e-01,6.279127299785614014e-02,4.639136046171188354e-02,1.326603293418884277e-01,5.841692090034484863e-01,2.133457176387310028e-02,4.777603223919868469e-02
7.545857131481170654e-02,3.174479678273200989e-02,2.594796568155288696e-02,9.961058199405670166e-02,7.304332852363586426e-01,1.049121469259262085e-02,2.631358429789543152e-02
1.050999909639358521e-01,6.330595910549163818e-02,4.839878901839256287e-02,1.351871043443679810e-01,5.763245820999145508e-01,2.244963496923446655e-02,4.923396557569503784e-02
1.026015281677246094e-01,6.226101517677307129e-02,4.594239965081214905e-02,1.339795142412185669e-01,5.885093212127685547e-01,2.032058872282505035e-02,4.638563841581344604e-02
1.233908981084823608e-01,7.940018922090530396e-02,6.632136553525924683e-02,1.473541259765625000e-01,4.791271388530731201e-01,3.669493645429611206e-02,6.771121919155120850e-02
1.227772980928421021e-01,8.157359808683395386e-02,6.519506126642227173e-02,1.487679332494735718e-01,4.812557995319366455e-01,3.455076366662979126e-02,6.587959080934524536e-02
8.645727485418319702e-02,4.121644794940948486e-02,3.269873186945915222e-02,1.114910542964935303e-01,6.802754402160644531e-01,1.411910075694322586e-02,3.374193608760833740e-02
1.223272085189819336e-01,8.218489587306976318e-02,6.403928995132446289e-02,1.487114876508712769e-01,4.853528738021850586e-01,3.300170227885246277e-02,6.438250094652175903e-02
1.174716949462890625e-01,6.781464815139770508e-02,6.090524047613143921e-02,1.442241519689559937e-01,5.171155929565429688e-01,3.260948136448860168e-02,5.985921993851661682e-02
9.793705493211746216e-02,5.047735571861267090e-02,4.107401892542839050e-02,1.237086877226829529e-01,6.249780654907226562e-01,1.940983906388282776e-02,4.241502657532691956e-02
8.269146084785461426e-02,3.773599863052368164e-02,3.080109134316444397e-02,1.086093932390213013e-01,6.957189440727233887e-01,1.310874335467815399e-02,3.133430704474449158e-02
1.425556391477584839e-01,9.649949520826339722e-02,8.984315395355224609e-02,1.558185070753097534e-01,3.497179150581359863e-01,7.244051992893218994e-02,9.312478452920913696e-02
8.637795597314834595e-02,4.066347330808639526e-02,3.288220986723899841e-02,1.116409972310066223e-01,6.803132295608520508e-01,1.436147466301918030e-02,3.376058116555213928e-02
9.446734935045242310e-02,5.251798778772354126e-02,3.887757658958435059e-02,1.224844381213188171e-01,6.340431571006774902e-01,1.709556020796298981e-02,4.051393270492553711e-02
9.573397785425186157e-02,5.259522050619125366e-02,4.021091759204864502e-02,1.231936141848564148e-01,6.283429861068725586e-01,1.810826547443866730e-02,4.181503131985664368e-02
9.144478291273117065e-02,4.899924620985984802e-02,3.694180026650428772e-02,1.193026974797248840e-01,6.490010023117065430e-01,1.595720276236534119e-02,3.835323452949523926e-02
8.232786506414413452e-02,3.799245133996009827e-02,3.020543791353702545e-02,1.072893738746643066e-01,6.981701850891113281e-01,1.283635571599006653e-02,3.117842040956020355e-02
8.275692909955978394e-02,3.780857101082801819e-02,3.011858463287353516e-02,1.069284528493881226e-01,6.984819173812866211e-01,1.280454918742179871e-02,3.110098466277122498e-02
9.262165427207946777e-02,4.875655099749565125e-02,3.727839887142181396e-02,1.187220364809036255e-01,6.471980214118957520e-01,1.650366187095642090e-02,3.891970962285995483e-02
1.145037189126014709e-01,6.346960365772247314e-02,5.671975761651992798e-02,1.396085470914840698e-01,5.392596125602722168e-01,3.005817160010337830e-02,5.638055130839347839e-02
1.272947341203689575e-01,8.730921149253845215e-02,7.081066817045211792e-02,1.522719413042068481e-01,4.524056017398834229e-01,3.879677131772041321e-02,7.111097127199172974e-02
8.707141131162643433e-02,4.186651110649108887e-02,3.313042968511581421e-02,1.124853342771530151e-01,6.770855188369750977e-01,1.426469348371028900e-02,3.409614041447639465e-02
8.387626707553863525e-02,3.889509662985801697e-02,3.093860298395156860e-02,1.082522645592689514e-01,6.926431655883789062e-01,1.332083437591791153e-02,3.207378834486007690e-02
1.156212091445922852e-01,7.070829719305038452e-02,5.717952176928520203e-02,1.404593437910079956e-01,5.273426175117492676e-01,2.975829690694808960e-02,5.893074348568916321e-02
7.889935374259948730e-02,3.316379338502883911e-02,2.770641632378101349e-02,1.013457030057907104e-01,7.185634374618530273e-01,1.190081704407930374e-02,2.842049300670623779e-02
1.096931770443916321e-01,6.460811197757720947e-02,5.095377936959266663e-02,1.351388692855834961e-01,5.615359544754028320e-01,2.537256665527820587e-02,5.269754305481910706e-02
1.151026785373687744e-01,7.122292369604110718e-02,5.700053647160530090e-02,1.411182880401611328e-01,5.278896093368530273e-01,2.918395958840847015e-02,5.848200246691703796e-02
1.218440681695938110e-01,7.944361120462417603e-02,6.383814662694931030e-02,1.466940045356750488e-01,4.889609813690185547e-01,3.407590463757514954e-02,6.514331698417663574e-02
9.284756332635879517e-02,4.524593800306320190e-02,3.759717568755149841e-02,1.182962134480476379e-01,6.506810784339904785e-01,1.710287667810916901e-02,3.822914883494377136e-02
1.034419015049934387e-01,5.683349817991256714e-02,4.550781100988388062e-02,1.286051571369171143e-01,5.966207385063171387e-01,2.191271632909774780e-02,4.707818850874900818e-02
8.150926977396011353e-02,3.690738603472709656e-02,2.919059991836547852e-02,1.052727773785591125e-01,7.039034962654113770e-01,1.257720123976469040e-02,3.063931502401828766e-02
8.258405327796936035e-02,4.023903235793113708e-02,3.015716001391410828e-02,1.081436276435852051e-01,6.939484477043151855e-01,1.278657838702201843e-02,3.214102238416671753e-02
1.303189098834991455e-01,9.019877761602401733e-02,7.471878081560134888e-02,1.532648503780364990e-01,4.334787130355834961e-01,4.269501566886901855e-02,7.532500475645065308e-02
1.345859467983245850e-01,9.297570586204528809e-02,8.112401515245437622e-02,1.538922786712646484e-01,4.050228595733642578e-01,5.008857697248458862e-02,8.231063932180404663e-02
1.258771121501922607e-01,8.721143752336502075e-02,6.964685767889022827e-02,1.526630073785781860e-01,4.580727815628051758e-01,3.716896101832389832e-02,6.935980170965194702e-02
1.321193277835845947e-01,8.383842557668685913e-02,7.688688486814498901e-02,1.516939848661422729e-01,4.312067925930023193e-01,4.727420583367347717e-02,7.698040455579757690e-02
9.276378899812698364e-02,5.031441897153854370e-02,3.725409880280494690e-02,1.195177137851715088e-01,6.447045207023620605e-01,1.633241958916187286e-02,3.911307826638221741e-02
1.124777570366859436e-01,6.358045339584350586e-02,5.447435006499290466e-02,1.376957595348358154e-01,5.484144687652587891e-01,2.828394807875156403e-02,5.507329851388931274e-02
1.094019263982772827e-01,6.144412979483604431e-02,5.100469291210174561e-02,1.345669776201248169e-01,5.657222867012023926e-01,2.571854740381240845e-02,5.214146152138710022e-02
8.838637173175811768e-02,4.517290368676185608e-02,3.475397452712059021e-02,1.157521903514862061e-01,6.653177738189697266e-01,1.475843228399753571e-02,3.585836663842201233e-02
1.148903369903564453e-01,6.709180772304534912e-02,5.644400045275688171e-02,1.392208784818649292e-01,5.350596904754638672e-01,2.962242998182773590e-02,5.767083168029785156e-02
1.107179820537567139e-01,6.721051782369613647e-02,5.215432867407798767e-02,1.373200863599777222e-01,5.530816912651062012e-01,2.571263164281845093e-02,5.380278825759887695e-02
1.199355795979499817e-01,7.133454829454421997e-02,6.170587986707687378e-02,1.432919502258300781e-01,5.072780847549438477e-01,3.385161980986595154e-02,6.260233372449874878e-02
1.139910593628883362e-01,6.934872269630432129e-02,5.489172413945198059e-02,1.387534588575363159e-01,5.379662513732910156e-01,2.815199270844459534e-02,5.689678713679313660e-02
1.236400455236434937e-01,8.416257798671722412e-02,6.499825417995452881e-02,1.490921229124069214e-01,4.791162610054016113e-01,3.362841531634330750e-02,6.536226719617843628e-02
9.905841946601867676e-02,5.533475428819656372e-02,4.221069067716598511e-02,1.257482469081878662e-01,6.141574382781982422e-01,1.947380788624286652e-02,4.401658847928047180e-02
8.811108767986297607e-02,4.085585102438926697e-02,3.497027978301048279e-02,1.146076172590255737e-01,6.710835695266723633e-01,1.555365789681673050e-02,3.481796011328697205e-02
1.000494658946990967e-01,5.595526844263076782e-02,4.356712847948074341e-02,1.271175295114517212e-01,6.078501343727111816e-01,2.028779685497283936e-02,4.517261683940887451e-02
1.169355809688568115e-01,6.526770442724227905e-02,5.641007795929908752e-02,1.380027681589126587e-01,5.333296656608581543e-01,3.212146833539009094e-02,5.793270096182823181e-02
9.329550713300704956e-02,4.260478541254997253e-02,3.597657009959220886e-02,1.144887283444404602e-01,6.580564975738525391e-01,1.775095984339714050e-02,3.782702609896659851e-02
1.322743892669677734e-01,9.356404840946197510e-02,7.740995287895202637e-02,1.534844934940338135e-01,4.172486960887908936e-01,4.652508720755577087e-02,7.949333637952804565e-02
1.160169616341590881e-01,7.300096005201339722e-02,5.767289549112319946e-02,1.422645002603530884e-01,5.225293636322021484e-01,2.945028804242610931e-02,5.906503647565841675e-02
1.002525389194488525e-01,5.002183467149734497e-02,4.289136081933975220e-02,1.250876039266586304e-01,6.177318096160888672e-01,2.072683349251747131e-02,4.328796640038490295e-02
9.571252763271331787e-02,4.327078908681869507e-02,3.815983235836029053e-02,1.163998618721961975e-01,6.484578251838684082e-01,1.891309581696987152e-02,3.908612951636314392e-02
1.252490282058715820e-01,8.112461864948272705e-02,6.744846701622009277e-02,1.475034058094024658e-01,4.715546369552612305e-01,3.790822252631187439e-02,6.921163201332092285e-02
1.248657777905464172e-01,8.671934157609939575e-02,6.793382763862609863e-02,1.523136198520660400e-01,4.652691781520843506e-01,3.528194874525070190e-02,6.761629879474639893e-02
1.105809956789016724e-01,5.567401647567749023e-02,5.077024176716804504e-02,1.313547044992446899e-01,5.729940533638000488e-01,2.752511203289031982e-02,5.110085383057594299e-02
9.955145418643951416e-02,5.178520455956459045e-02,4.230701550841331482e-02,1.245091855525970459e-01,6.182559728622436523e-01,2.008591964840888977e-02,4.350528866052627563e-02
1.344985216856002808e-01,7.819547504186630249e-02,7.518166303634643555e-02,1.491329371929168701e-01,4.396045506000518799e-01,4.843759536743164062e-02,7.494917511940002441e-02
1.345857232809066772e-01,1.023839935660362244e-01,7.678905874490737915e-02,1.639751195907592773e-01,4.133519828319549561e-01,3.762022778391838074e-02,7.129395008087158203e-02
9.937533736228942871e-02,5.028667300939559937e-02,4.096877574920654297e-02,1.218570321798324585e-01,6.251578330993652344e-01,1.964904740452766418e-02,4.270528629422187805e-02
1.135157272219657898e-01,6.888072937726974487e-02,5.329731851816177368e-02,1.365413963794708252e-01,5.449473261833190918e-01,2.707935310900211334e-02,5.573818832635879517e-02
1.246190443634986877e-01,8.356175571680068970e-02,6.687857210636138916e-02,1.493988037109375000e-01,4.717562794685363770e-01,3.602626919746398926e-02,6.775934994220733643e-02
1.204934492707252502e-01,6.987931579351425171e-02,5.619451403617858887e-02,1.350962668657302856e-01,5.267002582550048828e-01,3.141424432396888733e-02,6.022192537784576416e-02
1.058408170938491821e-01,5.302267894148826599e-02,4.689091816544532776e-02,1.288125813007354736e-01,5.938538908958435059e-01,2.411802671849727631e-02,4.746098443865776062e-02
1.290431618690490723e-01,9.390065073966979980e-02,7.280292361974716187e-02,1.558865755796432495e-01,4.396612942218780518e-01,3.785316646099090576e-02,7.085224986076354980e-02
1.222835183143615723e-01,8.422325551509857178e-02,6.426939368247985840e-02,1.503506004810333252e-01,4.826041460037231445e-01,3.225658833980560303e-02,6.401257216930389404e-02
1.211676895618438721e-01,7.702948898077011108e-02,6.416681408882141113e-02,1.462687700986862183e-01,4.911911785602569580e-01,3.486024215817451477e-02,6.531580537557601929e-02
1.105618551373481750e-01,5.952519923448562622e-02,5.147781968116760254e-02,1.338022649288177490e-01,5.656651854515075684e-01,2.668803557753562927e-02,5.227956548333168030e-02
1.224671155214309692e-01,7.431363314390182495e-02,6.494793295860290527e-02,1.457478404045104980e-01,4.899601638317108154e-01,3.661207482218742371e-02,6.595118343830108643e-02
1.052852720022201538e-01,6.021462753415107727e-02,4.730912297964096069e-02,1.311858445405960083e-01,5.839298963546752930e-01,2.291694469749927521e-02,4.915826395153999329e-02
1.201685443520545959e-01,8.068217337131500244e-02,6.128230690956115723e-02,1.469241678714752197e-01,4.986795485019683838e-01,3.062020987272262573e-02,6.164302676916122437e-02
1.267159283161163330e-01,8.571434020996093750e-02,7.025039196014404297e-02,1.515087783336639404e-01,4.553188979625701904e-01,3.943409398198127747e-02,7.105752825736999512e-02
1.162091568112373352e-01,6.931705772876739502e-02,5.850086361169815063e-02,1.413296312093734741e-01,5.242663621902465820e-01,3.081269748508930206e-02,5.956424400210380554e-02
6.230440735816955566e-02,2.544628269970417023e-02,1.909372396767139435e-02,8.669042587280273438e-02,7.798991799354553223e-01,6.840601563453674316e-03,1.972538046538829803e-02
8.867203444242477417e-02,4.489411413669586182e-02,3.502598777413368225e-02,1.158477663993835449e-01,6.644940972328186035e-01,1.509147603064775467e-02,3.597461059689521790e-02
1.204587593674659729e-01,7.475865632295608521e-02,6.065113097429275513e-02,1.415309906005859375e-01,5.046181678771972656e-01,3.397664055228233337e-02,6.400570273399353027e-02
9.198331832885742188e-02,4.450557753443717957e-02,3.654105588793754578e-02,1.167564541101455688e-01,6.560644507408142090e-01,1.665139198303222656e-02,3.749779611825942993e-02
9.430567920207977295e-02,4.602454230189323425e-02,3.862963616847991943e-02,1.202143803238868713e-01,6.440465450286865234e-01,1.774788647890090942e-02,3.903134167194366455e-02
7.877770811319351196e-02,3.578108176589012146e-02,2.771879918873310089e-02,1.034267544746398926e-01,7.131983637809753418e-01,1.194449607282876968e-02,2.915279194712638855e-02
1.282473951578140259e-01,9.350404143333435059e-02,7.236724346876144409e-02,1.559772342443466187e-01,4.417391121387481689e-01,3.755609691143035889e-02,7.060884684324264526e-02
1.137575730681419373e-01,7.348625361919403076e-02,5.470477044582366943e-02,1.423543840646743774e-01,5.345214009284973145e-01,2.598527818918228149e-02,5.519028380513191223e-02
9.851779788732528687e-02,5.249546840786933899e-02,4.176522791385650635e-02,1.246895715594291687e-01,6.198073029518127441e-01,1.946179009974002838e-02,4.326284676790237427e-02
1.076341569423675537e-01,5.812101438641548157e-02,4.855769872665405273e-02,1.310893148183822632e-01,5.802128911018371582e-01,2.444131299853324890e-02,4.994365200400352478e-02
1.230404675006866455e-01,8.001534640789031982e-02,6.390716135501861572e-02,1.457692533731460571e-01,4.865122735500335693e-01,3.479930013418197632e-02,6.595630198717117310e-02
8.331216871738433838e-02,3.862324357032775879e-02,3.067237325012683868e-02,1.079960912466049194e-01,6.945123076438903809e-01,1.312406733632087708e-02,3.175969794392585754e-02
1.179036200046539307e-01,6.523223966360092163e-02,5.812178552150726318e-02,1.396015435457229614e-01,5.261593461036682129e-01,3.328765556216239929e-02,5.969383195042610168e-02
1.176717579364776611e-01,7.289882004261016846e-02,5.913876369595527649e-02,1.422439217567443848e-01,5.159179568290710449e-01,3.128468617796897888e-02,6.084407493472099304e-02
1.159287020564079285e-01,7.082376629114151001e-02,5.792093276977539062e-02,1.414155215024948120e-01,5.244000554084777832e-01,3.020066581666469574e-02,5.931038036942481995e-02
1.369917988777160645e-01,9.933221340179443359e-02,8.544519543647766113e-02,1.569313853979110718e-01,3.828142285346984863e-01,5.285048484802246094e-02,8.563470840454101562e-02
1.133970990777015686e-01,7.172214984893798828e-02,5.371808260679244995e-02,1.395691037178039551e-01,5.403139591217041016e-01,2.617864497005939484e-02,5.510095506906509399e-02
1.256784498691558838e-01,8.850160241127014160e-02,6.862600892782211304e-02,1.529755145311355591e-01,4.606618583202362061e-01,3.550277650356292725e-02,6.805378198623657227e-02
6.957623362541198730e-02,2.914060279726982117e-02,2.320323884487152100e-02,9.526658803224563599e-02,7.504608035087585449e-01,8.895630016922950745e-03,2.345693297684192657e-02
1.089001670479774475e-01,6.649719923734664917e-02,4.839964956045150757e-02,1.339549571275711060e-01,5.690991878509521484e-01,2.291461639106273651e-02,5.023419111967086792e-02
9.630516171455383301e-02,5.574367940425872803e-02,4.045069962739944458e-02,1.266247779130935669e-01,6.220949888229370117e-01,1.735041476786136627e-02,4.143029451370239258e-02
1.193721964955329895e-01,6.785425543785095215e-02,5.800878629088401794e-02,1.382616758346557617e-01,5.216684937477111816e-01,3.362727910280227661e-02,6.120729073882102966e-02
1.215359494090080261e-01,7.922961562871932983e-02,6.270002573728561401e-02,1.459020823240280151e-01,4.932538866996765137e-01,3.322309628129005432e-02,6.415533274412155151e-02
1.236004680395126343e-01,7.333257049322128296e-02,6.292223930358886719e-02,1.420360505580902100e-01,4.972757399082183838e-01,3.576291725039482117e-02,6.506997346878051758e-02
1.048255264759063721e-01,5.291545391082763672e-02,4.539792984724044800e-02,1.272041946649551392e-01,5.989468693733215332e-01,2.412431500852108002e-02,4.658576846122741699e-02
1.042991504073143005e-01,6.098236888647079468e-02,4.636415839195251465e-02,1.313641071319580078e-01,5.871514678001403809e-01,2.180154249072074890e-02,4.803715273737907410e-02
9.771410375833511353e-02,5.372178182005882263e-02,4.032062739133834839e-02,1.226518452167510986e-01,6.246339082717895508e-01,1.845239661633968353e-02,4.250539094209671021e-02
1.074717119336128235e-01,6.167441979050636292e-02,4.733105748891830444e-02,1.297188699245452881e-01,5.802613496780395508e-01,2.344923838973045349e-02,5.009331926703453064e-02
1.240652725100517273e-01,8.100033551454544067e-02,6.721010804176330566e-02,1.486859023571014404e-01,4.734606444835662842e-01,3.731566295027732849e-02,6.826213747262954712e-02
1.205810308456420898e-01,7.734845578670501709e-02,6.266395002603530884e-02,1.456560939550399780e-01,4.963296353816986084e-01,3.339548408985137939e-02,6.402537971735000610e-02
1.126107797026634216e-01,6.833538413047790527e-02,5.348997563123703003e-02,1.376344859600067139e-01,5.454097986221313477e-01,2.699625305831432343e-02,5.552337691187858582e-02
1.235877051949501038e-01,7.496661692857742310e-02,6.532876193523406982e-02,1.453411877155303955e-01,4.874154031276702881e-01,3.689805418252944946e-02,6.646229326725006104e-02
1.211125180125236511e-01,8.214659243822097778e-02,6.310125440359115601e-02,1.489914953708648682e-01,4.899002015590667725e-01,3.165152296423912048e-02,6.309643387794494629e-02
8.413164317607879639e-02,4.369643330574035645e-02,3.095731325447559357e-02,1.105320975184440613e-01,6.849688291549682617e-01,1.277544628828763962e-02,3.293817862868309021e-02
1.031424403190612793e-01,6.054235622286796570e-02,4.630231112241744995e-02,1.320971846580505371e-01,5.891765952110290527e-01,2.133000642061233521e-02,4.740913212299346924e-02
1.056202054023742676e-01,5.624665319919586182e-02,4.762261360883712769e-02,1.310680210590362549e-01,5.877748727798461914e-01,2.350807748734951019e-02,4.815960302948951721e-02
8.898571878671646118e-02,4.556092247366905212e-02,3.497559949755668640e-02,1.154022216796875000e-01,6.634503602981567383e-01,1.517057698220014572e-02,3.645462170243263245e-02
1.313758045434951782e-01,9.533934295177459717e-02,7.660490274429321289e-02,1.563891619443893433e-01,4.223984181880950928e-01,4.219699278473854065e-02,7.569536566734313965e-02
9.613811224699020386e-02,4.950081184506416321e-02,3.973060101270675659e-02,1.218289732933044434e-01,6.337158679962158203e-01,1.819955930113792419e-02,4.088603705167770386e-02
8.614828437566757202e-02,4.178954660892486572e-02,3.264277055859565735e-02,1.116704195737838745e-01,6.793738603591918945e-01,1.418747752904891968e-02,3.418758884072303772e-02
1.205869838595390320e-01,7.344249635934829712e-02,6.263620406389236450e-02,1.440654397010803223e-01,5.012055635452270508e-01,3.424716740846633911e-02,6.381617486476898193e-02
9.990005940198898315e-02,4.925151541829109192e-02,4.231854900717735291e-02,1.234712600708007812e-01,6.214699149131774902e-01,2.057846821844577789e-02,4.301033914089202881e-02
9.468255937099456787e-02,4.712860658764839172e-02,3.912069648504257202e-02,1.209437325596809387e-01,6.404772996902465820e-01,1.799005083739757538e-02,3.965709730982780457e-02
8.425744622945785522e-02,4.517774283885955811e-02,3.191937506198883057e-02,1.138747930526733398e-01,6.791960000991821289e-01,1.260473858565092087e-02,3.296992927789688110e-02
1.138410940766334534e-01,7.305110991001129150e-02,5.436537414789199829e-02,1.414704471826553345e-01,5.360866189002990723e-01,2.605069801211357117e-02,5.513469502329826355e-02
1.034846007823944092e-01,5.710601434111595154e-02,4.605746641755104065e-02,1.295376271009445190e-01,5.942705869674682617e-01,2.213536202907562256e-02,4.740838706493377686e-02
1.127346232533454895e-01,6.484670937061309814e-02,5.225740000605583191e-02,1.341196894645690918e-01,5.541538596153259277e-01,2.715377137064933777e-02,5.473395437002182007e-02
1.221058741211891174e-01,8.200354129076004028e-02,6.230727583169937134e-02,1.462878286838531494e-01,4.913573563098907471e-01,3.232314437627792358e-02,6.361493468284606934e-02
8.424420654773712158e-02,3.847078979015350342e-02,3.050656616687774658e-02,1.073227524757385254e-01,6.935976147651672363e-01,1.359629631042480469e-02,3.226183727383613586e-02
7.563615590333938599e-02,3.407412022352218628e-02,2.585856989026069641e-02,1.000361293554306030e-01,7.271274328231811523e-01,1.027126237750053406e-02,2.699629217386245728e-02
1.130600571632385254e-01,6.992270797491073608e-02,5.476353317499160767e-02,1.399195343255996704e-01,5.388663411140441895e-01,2.731792256236076355e-02,5.614985898137092590e-02
1.212636008858680725e-01,7.265922427177429199e-02,6.310214847326278687e-02,1.443329006433486938e-01,4.998037517070770264e-01,3.493532538414001465e-02,6.390299648046493530e-02
1.211677715182304382e-01,7.364160567522048950e-02,6.106375530362129211e-02,1.416490375995635986e-01,5.047883391380310059e-01,3.400728851556777954e-02,6.368225067853927612e-02
7.526715844869613647e-02,3.424791991710662842e-02,2.609664388000965118e-02,1.008218079805374146e-01,7.260802388191223145e-01,1.035905815660953522e-02,2.712721563875675201e-02
9.754566848278045654e-02,4.627967625856399536e-02,3.945573419332504272e-02,1.188463866710662842e-01,6.379964351654052734e-01,1.916716806590557098e-02,4.070891067385673523e-02
1.045155376195907593e-01,5.730799213051795959e-02,4.593659192323684692e-02,1.284337341785430908e-01,5.936474800109863281e-01,2.232848107814788818e-02,4.783019423484802246e-02
8.410628885030746460e-02,4.266283661127090454e-02,3.161078318953514099e-02,1.109997481107711792e-01,6.843383908271789551e-01,1.313060801476240158e-02,3.315139189362525940e-02
1.167423725128173828e-01,6.326577067375183105e-02,5.795341730117797852e-02,1.391904950141906738e-01,5.331184267997741699e-01,3.214604780077934265e-02,5.758351460099220276e-02
9.199670702219009399e-02,4.362271353602409363e-02,3.662640601396560669e-02,1.162360459566116333e-01,6.572642326354980469e-01,1.686324365437030792e-02,3.739065304398536682e-02
1.075294986367225647e-01,5.780299380421638489e-02,4.974645003676414490e-02,1.332473754882812500e-01,5.766012072563171387e-01,2.502552233636379242e-02,5.004701018333435059e-02
8.341661095619201660e-02,3.776012733578681946e-02,3.081993944942951202e-02,1.078930720686912537e-01,6.951647996902465820e-01,1.332460716366767883e-02,3.162076696753501892e-02
9.083656966686248779e-02,4.845539480447769165e-02,3.457359224557876587e-02,1.149228364229202271e-01,6.591086983680725098e-01,1.503187604248523712e-02,3.707104548811912537e-02
7.712402194738388062e-02,3.295120224356651306e-02,2.735016681253910065e-02,1.026877835392951965e-01,7.213665246963500977e-01,1.116346567869186401e-02,2.735688537359237671e-02
9.431018680334091187e-02,5.276006460189819336e-02,3.925273194909095764e-02,1.233985275030136108e-01,6.324536204338073730e-01,1.716669835150241852e-02,4.065817967057228088e-02
9.216269850730895996e-02,4.569338262081146240e-02,3.702500090003013611e-02,1.177022531628608704e-01,6.526479125022888184e-01,1.670690812170505524e-02,3.806185349822044373e-02
8.018448203802108765e-02,4.268836975097656250e-02,2.891330607235431671e-02,1.088796481490135193e-01,6.979449987411499023e-01,1.109825167804956436e-02,3.029089607298374176e-02
8.943192660808563232e-02,4.541341215372085571e-02,3.497675061225891113e-02,1.153437942266464233e-01,6.630626320838928223e-01,1.524127274751663208e-02,3.653014451265335083e-02
1.148457750678062439e-01,7.110209017992019653e-02,5.670621246099472046e-02,1.411063224077224731e-01,5.291380286216735840e-01,2.893695421516895294e-02,5.816461890935897827e-02
1.131488382816314697e-01,6.994692236185073853e-02,5.478603765368461609e-02,1.395820975303649902e-01,5.388496518135070801e-01,2.735813893377780914e-02,5.632827430963516235e-02
9.585566818714141846e-02,5.412317812442779541e-02,3.968378156423568726e-02,1.238678768277168274e-01,6.279380321502685547e-01,1.732885278761386871e-02,4.120263829827308655e-02
9.830004721879959106e-02,5.236683785915374756e-02,4.053861647844314575e-02,1.219877079129219055e-01,6.252187490463256836e-01,1.891789957880973816e-02,4.267021268606185913e-02
1.166661381721496582e-01,7.389211654663085938e-02,5.817168578505516052e-02,1.428777873516082764e-01,5.191906094551086426e-01,2.971467562019824982e-02,5.948698893189430237e-02
9.983607381582260132e-02,5.712937936186790466e-02,4.269504174590110779e-02,1.274799257516860962e-01,6.093938350677490234e-01,1.926513761281967163e-02,4.420060291886329651e-02
1.247305721044540405e-01,8.667228370904922485e-02,6.739539653062820435e-02,1.520085483789443970e-01,4.673168361186981201e-01,3.478863462805747986e-02,6.708773970603942871e-02
8.659142255783081055e-02,4.425048083066940308e-02,3.262209147214889526e-02,1.119879633188247681e-01,6.762658953666687012e-01,1.381431426852941513e-02,3.446783125400543213e-02
1.240816712379455566e-01,7.553062587976455688e-02,6.649567931890487671e-02,1.464780420064926147e-01,4.823355972766876221e-01,3.778989985585212708e-02,6.728846579790115356e-02
1.237091422080993652e-01,8.541648834943771362e-02,6.586507707834243774e-02,1.508288681507110596e-01,4.747817814350128174e-01,3.367102518677711487e-02,6.572765856981277466e-02
1.230559647083282471e-01,8.263684809207916260e-02,6.468254327774047852e-02,1.489439159631729126e-01,4.817910790443420410e-01,3.371823579072952271e-02,6.517144292593002319e-02
9.535809606313705444e-02,5.173488333821296692e-02,3.982044011354446411e-02,1.226040720939636230e-01,6.314726471900939941e-01,1.779353618621826172e-02,4.121631756424903870e-02
1.338310241699218750e-01,1.017720177769660950e-01,7.912172377109527588e-02,1.614395081996917725e-01,4.086110293865203857e-01,4.077194258570671082e-02,7.445275038480758667e-02
1.152432635426521301e-01,6.387367099523544312e-02,5.615436285734176636e-02,1.383284628391265869e-01,5.398022532463073730e-01,3.005120158195495605e-02,5.654678866267204285e-02
1.217780783772468567e-01,8.077663183212280273e-02,6.321732699871063232e-02,1.473933011293411255e-01,4.900121390819549561e-01,3.283846005797386169e-02,6.398411095142364502e-02
6.703758239746093750e-02,3.117956221103668213e-02,2.116413228213787079e-02,9.184969961643218994e-02,7.578430175781250000e-01,7.848115637898445129e-03,2.307791821658611298e-02
9.851267933845520020e-02,5.075816065073013306e-02,4.100300744175910950e-02,1.230586841702461243e-01,6.247762441635131836e-01,1.941302977502346039e-02,4.247822985053062439e-02
1.285708248615264893e-01,7.988198101520538330e-02,7.106227427721023560e-02,1.487777084112167358e-01,4.578331708908081055e-01,4.208027943968772888e-02,7.179376482963562012e-02
9.574396908283233643e-02,5.289015546441078186e-02,3.878784552216529846e-02,1.213168278336524963e-01,6.330995559692382812e-01,1.726835593581199646e-02,4.089320078492164612e-02
8.511176705360412598e-02,3.726523742079734802e-02,3.202388435602188110e-02,1.084228754043579102e-01,6.904735565185546875e-01,1.430189982056617737e-02,3.240084648132324219e-02
1.023755669593811035e-01,5.945668369531631470e-02,4.426391422748565674e-02,1.292941868305206299e-01,5.983200073242187500e-01,2.037595398724079132e-02,4.591371491551399231e-02
1.242164149880409241e-01,8.123673498630523682e-02,6.676788628101348877e-02,1.479316651821136475e-01,4.748722016811370850e-01,3.679709881544113159e-02,6.817796826362609863e-02
1.201974675059318542e-01,7.717291265726089478e-02,6.138553097844123840e-02,1.443578600883483887e-01,5.012956261634826660e-01,3.252101317048072815e-02,6.306950002908706665e-02
9.566270560026168823e-02,4.950130358338356018e-02,3.833457827568054199e-02,1.191603094339370728e-01,6.385082602500915527e-01,1.798435673117637634e-02,4.084841161966323853e-02
9.280475974082946777e-02,5.381999164819717407e-02,3.701652586460113525e-02,1.225246712565422058e-01,6.404824852943420410e-01,1.520924270153045654e-02,3.814233839511871338e-02
7.992595434188842773e-02,3.426467999815940857e-02,2.850517258048057556e-02,1.032210737466812134e-01,7.127246260643005371e-01,1.218417845666408539e-02,2.917438372969627380e-02
1.145445033907890320e-01,5.836006999015808105e-02,5.270255357027053833e-02,1.339640766382217407e-01,5.562829375267028809e-01,3.012661449611186981e-02,5.401930212974548340e-02
1.311653256416320801e-01,9.003656357526779175e-02,7.632312923669815063e-02,1.531803309917449951e-01,4.274302721023559570e-01,4.469731077551841736e-02,7.716707885265350342e-02
1.017953827977180481e-01,6.128865852952003479e-02,4.451780766248703003e-02,1.322789043188095093e-01,5.954572558403015137e-01,1.953020319342613220e-02,4.513173177838325500e-02
1.287036240100860596e-01,8.817872405052185059e-02,7.234896719455718994e-02,1.522179096937179565e-01,4.448685646057128906e-01,4.063930362462997437e-02,7.304286956787109375e-02
7.428245246410369873e-02,3.526801988482475281e-02,2.499813772737979889e-02,9.941575676202774048e-02,7.290237545967102051e-01,9.934227913618087769e-03,2.707768417894840240e-02
1.248245388269424438e-01,7.512702792882919312e-02,6.675381213426589966e-02,1.462735086679458618e-01,4.811764061450958252e-01,3.842271864414215088e-02,6.742192804813385010e-02
8.069982379674911499e-02,4.072391614317893982e-02,2.896696142852306366e-02,1.068388447165489197e-01,7.003815770149230957e-01,1.164692174643278122e-02,3.074193000793457031e-02
1.204656511545181274e-01,7.583904266357421875e-02,6.173578649759292603e-02,1.436556577682495117e-01,5.013206005096435547e-01,3.332483395934104919e-02,6.365844607353210449e-02
8.886083215475082397e-02,4.947512224316596985e-02,3.513886407017707825e-02,1.188366264104843140e-01,6.569424867630004883e-01,1.441226527094841003e-02,3.633378818631172180e-02
1.232480630278587341e-01,7.485716789960861206e-02,6.496749818325042725e-02,1.451733708381652832e-01,4.869541823863983154e-01,3.771293163299560547e-02,6.708673387765884399e-02
1.272181719541549683e-01,8.715892583131790161e-02,7.077415287494659424e-02,1.521162837743759155e-01,4.527394473552703857e-01,3.884676098823547363e-02,7.114633172750473022e-02
1.316096633672714233e-01,9.102124720811843872e-02,7.697446644306182861e-02,1.537171453237533569e-01,4.238981604576110840e-01,4.511136189103126526e-02,7.766794413328170776e-02
8.417762815952301025e-02,3.798327594995498657e-02,3.134854137897491455e-02,1.083801463246345520e-01,6.922429203987121582e-01,1.372072380036115646e-02,3.214679658412933350e-02
1.259572207927703857e-01,8.394209295511245728e-02,6.956997513771057129e-02,1.503349244594573975e-01,4.610413014888763428e-01,3.869426250457763672e-02,7.046023756265640259e-02
1.205781027674674988e-01,7.637003809213638306e-02,6.459584087133407593e-02,1.475054174661636353e-01,4.913844764232635498e-01,3.463149070739746094e-02,6.493461132049560547e-02
9.179107844829559326e-02,4.669657349586486816e-02,3.649593144655227661e-02,1.171970739960670471e-01,6.536256670951843262e-01,1.621699891984462738e-02,3.797677531838417053e-02
8.698149770498275757e-02,4.111562669277191162e-02,3.233115002512931824e-02,1.104877516627311707e-01,6.802453994750976562e-01,1.454716548323631287e-02,3.429139032959938049e-02
8.591308444738388062e-02,4.360730201005935669e-02,3.257383033633232117e-02,1.121259033679962158e-01,6.779564023017883301e-01,1.368960458785295486e-02,3.413380309939384460e-02
9.074684232473373413e-02,4.512939602136611938e-02,3.581137210130691528e-02,1.161119490861892700e-01,6.591712236404418945e-01,1.593255437910556793e-02,3.709654510021209717e-02
1.046110019087791443e-01,5.436033755540847778e-02,4.594945162534713745e-02,1.289079636335372925e-01,5.966571569442749023e-01,2.277363464236259460e-02,4.674049466848373413e-02
7.758418470621109009e-02,3.425980731844902039e-02,2.707701362669467926e-02,1.019938215613365173e-01,7.202242016792297363e-01,1.103290449827909470e-02,2.782814763486385345e-02
1.031855121254920959e-01,5.854652822017669678e-02,4.605461284518241882e-02,1.306618750095367432e-01,5.927222967147827148e-01,2.165950089693069458e-02,4.716971516609191895e-02
8.638278394937515259e-02,4.039377346634864807e-02,3.271321579813957214e-02,1.108706519007682800e-01,6.815953850746154785e-01,1.433511078357696533e-02,3.370909392833709717e-02
1.146145984530448914e-01,7.180318981409072876e-02,5.611242353916168213e-02,1.413558572530746460e-01,5.305235981941223145e-01,2.817250043153762817e-02,5.741786956787109375e-02
8.919447660446166992e-02,4.541862010955810547e-02,3.514587506651878357e-02,1.158811300992965698e-01,6.626849174499511719e-01,1.522095035761594772e-02,3.645405545830726624e-02
1.092123687267303467e-01,6.684088706970214844e-02,5.120182409882545471e-02,1.373893767595291138e-01,5.582896471023559570e-01,2.464613504707813263e-02,5.241976678371429443e-02
1.087016761302947998e-01,6.126474589109420776e-02,4.887712001800537109e-02,1.313028484582901001e-01,5.742168426513671875e-01,2.453942410647869110e-02,5.109735950827598572e-02
1.280865818262100220e-01,9.282425045967102051e-02,7.219293713569641113e-02,1.556555032730102539e-01,4.427570104598999023e-01,3.771088644862174988e-02,7.077286392450332642e-02
1.166027560830116272e-01,7.879901677370071411e-02,5.990495532751083374e-02,1.490001529455184937e-01,5.083665251731872559e-01,2.851846255362033844e-02,5.880808830261230469e-02
6.807146221399307251e-02,3.070003539323806763e-02,2.200435847043991089e-02,9.310563653707504272e-02,7.547001242637634277e-01,8.155247196555137634e-03,2.326314710080623627e-02
1.185808628797531128e-01,7.812142372131347656e-02,5.983783304691314697e-02,1.456580907106399536e-01,5.074988007545471191e-01,2.991368062794208527e-02,6.038932874798774719e-02
1.225058212876319885e-01,8.704628050327301025e-02,6.505341827869415283e-02,1.526429951190948486e-01,4.774478077888488770e-01,3.172570466995239258e-02,6.357797980308532715e-02
9.221684932708740234e-02,4.232057183980941772e-02,3.583328053355216980e-02,1.142834275960922241e-01,6.615980267524719238e-01,1.682724803686141968e-02,3.692056983709335327e-02
5.854437500238418579e-02,2.183131873607635498e-02,1.740031316876411438e-02,8.195810765027999878e-02,7.964989542961120605e-01,6.219049915671348572e-03,1.754788681864738464e-02
1.303652077913284302e-01,8.203075826168060303e-02,7.511396706104278564e-02,1.510720551013946533e-01,4.410638213157653809e-01,4.534552618861198425e-02,7.500868290662765503e-02
1.034828722476959229e-01,6.074932217597961426e-02,4.717350378632545471e-02,1.330757290124893188e-01,5.855977535247802734e-01,2.188753522932529449e-02,4.803332313895225525e-02
1.127154603600502014e-01,7.268134504556655884e-02,5.391632393002510071e-02,1.430166661739349365e-01,5.382849574089050293e-01,2.531415037810802460e-02,5.407116189599037170e-02
1.026422604918479919e-01,5.821852758526802063e-02,4.359818249940872192e-02,1.262357234954833984e-01,6.024644970893859863e-01,2.063692919909954071e-02,4.620386660099029541e-02
1.215172857046127319e-01,7.840142399072647095e-02,6.379508972167968750e-02,1.463696211576461792e-01,4.905546307563781738e-01,3.426338359713554382e-02,6.509850174188613892e-02
1.232769489288330078e-01,8.196000009775161743e-02,6.534001231193542480e-02,1.485099792480468750e-01,4.799379110336303711e-01,3.479317575693130493e-02,6.618198752403259277e-02
1.019085869193077087e-01,5.445728451013565063e-02,4.230890423059463501e-02,1.231620833277702332e-01,6.127619147300720215e-01,2.049546688795089722e-02,4.490576684474945068e-02
1.203358545899391174e-01,7.096023857593536377e-02,6.217915192246437073e-02,1.433856189250946045e-01,5.060105919837951660e-01,3.431787341833114624e-02,6.281063705682754517e-02
1.106398254632949829e-01,6.808145344257354736e-02,5.089870840311050415e-02,1.365450918674468994e-01,5.566561222076416016e-01,2.460763230919837952e-02,5.257114395499229431e-02
1.125566810369491577e-01,7.535547018051147461e-02,5.408191680908203125e-02,1.440481096506118774e-01,5.371689796447753906e-01,2.409382164478302002e-02,5.269505083560943604e-02
1.327227652072906494e-01,9.764011949300765991e-02,7.890855520963668823e-02,1.572019755840301514e-01,4.114491939544677734e-01,4.416841641068458557e-02,7.790899276733398438e-02
1.210414990782737732e-01,7.809304445981979370e-02,6.356037408113479614e-02,1.466127783060073853e-01,4.920719265937805176e-01,3.394163027405738831e-02,6.467881053686141968e-02
1.243284121155738831e-01,8.789534866809844971e-02,6.864788383245468140e-02,1.548880189657211304e-01,4.633539915084838867e-01,3.476661816239356995e-02,6.611976772546768188e-02
1.189164221286773682e-01,7.234890013933181763e-02,6.105948984622955322e-02,1.432173848152160645e-01,5.092893242835998535e-01,3.290026262402534485e-02,6.226816028356552124e-02
1.209589391946792603e-01,7.321885973215103149e-02,6.306362152099609375e-02,1.443622559309005737e-01,4.996560215950012207e-01,3.470356389880180359e-02,6.403671205043792725e-02
1.096958667039871216e-01,5.692239478230476379e-02,5.101467669010162354e-02,1.325661987066268921e-01,5.717917680740356445e-01,2.676494792103767395e-02,5.124418064951896667e-02
1.305049061775207520e-01,9.591055661439895630e-02,7.536786049604415894e-02,1.560497730970382690e-01,4.263657629489898682e-01,4.110378399491310120e-02,7.469737529754638672e-02
7.945147901773452759e-02,3.517169877886772156e-02,2.807212062180042267e-02,1.033219397068023682e-01,7.131407856941223145e-01,1.178209483623504639e-02,2.905990369617938995e-02
1.273766458034515381e-01,9.136133641004562378e-02,7.088463753461837769e-02,1.546391844749450684e-01,4.490633606910705566e-01,3.689947351813316345e-02,6.977535039186477661e-02
9.334087371826171875e-02,5.251775309443473816e-02,3.791379556059837341e-02,1.218171715736389160e-01,6.386246085166931152e-01,1.630233041942119598e-02,3.948353976011276245e-02
1.150221079587936401e-01,6.734813004732131958e-02,5.514391139149665833e-02,1.371746212244033813e-01,5.383564233779907227e-01,2.940531075000762939e-02,5.754961073398590088e-02
8.807674050331115723e-02,4.438614845275878906e-02,3.445794433355331421e-02,1.147409081459045410e-01,6.677963137626647949e-01,1.486790552735328674e-02,3.567406535148620605e-02
1.050141602754592896e-01,5.241203680634498596e-02,4.638792946934700012e-02,1.277749389410018921e-01,5.978810787200927734e-01,2.366957813501358032e-02,4.686031118035316467e-02
1.046064123511314392e-01,6.139669939875602722e-02,4.664618894457817078e-02,1.320021301507949829e-01,5.852908492088317871e-01,2.186523005366325378e-02,4.819251969456672668e-02
1.242833733558654785e-01,7.983748614788055420e-02,6.740356981754302979e-02,1.476008445024490356e-01,4.743481576442718506e-01,3.774464875459671021e-02,6.878188252449035645e-02
1.277286708354949951e-01,8.421920984983444214e-02,7.230605185031890869e-02,1.505068391561508179e-01,4.487135708332061768e-01,4.228129237890243530e-02,7.424432039260864258e-02
1.468388140201568604e-01,1.008884608745574951e-01,1.031419113278388977e-01,1.507636457681655884e-01,3.136096000671386719e-01,8.111523091793060303e-02,1.036423891782760620e-01
8.652570098638534546e-02,3.875541687011718750e-02,3.057184815406799316e-02,1.056839674711227417e-01,6.921597123146057129e-01,1.369392219930887222e-02,3.260939568281173706e-02
8.693222701549530029e-02,4.040892049670219421e-02,3.293882682919502258e-02,1.111334934830665588e-01,6.801163554191589355e-01,1.456726808100938797e-02,3.390289098024368286e-02
8.569443225860595703e-02,4.445542022585868835e-02,3.284217789769172668e-02,1.129159629344940186e-01,6.759765744209289551e-01,1.368639152497053146e-02,3.442906588315963745e-02
1.095415130257606506e-01,5.834764987230300903e-02,5.055299773812294006e-02,1.333302855491638184e-01,5.710797905921936035e-01,2.604103647172451019e-02,5.110681429505348206e-02
1.342141181230545044e-01,8.136495202779769897e-02,8.049952238798141479e-02,1.397330611944198608e-01,4.216829836368560791e-01,5.943357571959495544e-02,8.307181298732757568e-02
1.168773323297500610e-01,7.165779918432235718e-02,5.818388983607292175e-02,1.410117596387863159e-01,5.214671492576599121e-01,3.070648387074470520e-02,6.009564548730850220e-02
9.051798284053802490e-02,4.528005793690681458e-02,3.520148620009422302e-02,1.154045909643173218e-01,6.606285572052001953e-01,1.582559570670127869e-02,3.714170306921005249e-02
1.347717493772506714e-01,1.150903850793838501e-01,8.754629641771316528e-02,1.684058904647827148e-01,3.725478053092956543e-01,4.400668665766716003e-02,7.763120532035827637e-02
1.295626759529113770e-01,8.870170265436172485e-02,7.437766343355178833e-02,1.527822315692901611e-01,4.365574121475219727e-01,4.280569776892662048e-02,7.521261274814605713e-02
1.107591763138771057e-01,5.640608817338943481e-02,4.838233441114425659e-02,1.282258182764053345e-01,5.801099538803100586e-01,2.565336972475051880e-02,5.046330019831657410e-02
7.971251010894775391e-02,3.832906484603881836e-02,2.855976112186908722e-02,1.056813225150108337e-01,7.064726948738098145e-01,1.144319307059049606e-02,2.980148233473300934e-02
8.568979799747467041e-02,3.903999179601669312e-02,3.183396160602569580e-02,1.092567741870880127e-01,6.866227984428405762e-01,1.430284790694713593e-02,3.325383365154266357e-02
1.201347261667251587e-01,7.004263997077941895e-02,6.096195057034492493e-02,1.419966220855712891e-01,5.111991763114929199e-01,3.362657874822616577e-02,6.203828379511833191e-02
1.227686926722526550e-01,7.962033897638320923e-02,6.473141163587570190e-02,1.466780453920364380e-01,4.847754538059234619e-01,3.517995029687881470e-02,6.624607741832733154e-02
8.950064331293106079e-02,4.626351222395896912e-02,3.541902825236320496e-02,1.167134791612625122e-01,6.603235006332397461e-01,1.515810843557119370e-02,3.662170097231864929e-02
1.057562679052352905e-01,6.623923778533935547e-02,4.752526804804801941e-02,1.363195180892944336e-01,5.753588676452636719e-01,2.095872536301612854e-02,4.784206673502922058e-02
1.255868226289749146e-01,7.867875695228576660e-02,6.866544485092163086e-02,1.478644609451293945e-01,4.704093635082244873e-01,3.922320902347564697e-02,6.957196444272994995e-02
6.994323432445526123e-02,3.116393461823463440e-02,2.300769463181495667e-02,9.531121701002120972e-02,7.480154037475585938e-01,8.604301139712333679e-03,2.395434118807315826e-02
1.028688102960586548e-01,5.095605924725532532e-02,4.485116526484489441e-02,1.259961724281311035e-01,6.075179576873779297e-01,2.249471470713615417e-02,4.531519114971160889e-02
9.317311644554138184e-02,4.733530804514884949e-02,3.772581368684768677e-02,1.192402020096778870e-01,6.466649770736694336e-01,1.696292869746685028e-02,3.889764100313186646e-02
1.246968805789947510e-01,9.016012400388717651e-02,6.791125237941741943e-02,1.549838781356811523e-01,4.633530676364898682e-01,3.329857066273689270e-02,6.559618562459945679e-02
9.343878924846649170e-02,4.770761728286743164e-02,3.784156590700149536e-02,1.190907806158065796e-01,6.456293463706970215e-01,1.709384284913539886e-02,3.919804096221923828e-02
1.156751736998558044e-01,7.512377202510833740e-02,5.781886354088783264e-02,1.450694948434829712e-01,5.199956297874450684e-01,2.830228954553604126e-02,5.801484733819961548e-02
1.175574958324432373e-01,7.610885053873062134e-02,6.006960570812225342e-02,1.463449746370315552e-01,5.094059705734252930e-01,3.021871671080589294e-02,6.029440090060234070e-02
1.262596249580383301e-01,8.094006776809692383e-02,7.013373821973800659e-02,1.489247232675552368e-01,4.617292881011962891e-01,4.047421738505363464e-02,7.153835892677307129e-02
1.017831563949584961e-01,5.722662061452865601e-02,4.468908160924911499e-02,1.283099651336669922e-01,6.005691885948181152e-01,2.104208804666996002e-02,4.637992754578590393e-02
1.150642782449722290e-01,6.671248376369476318e-02,5.705670267343521118e-02,1.392658948898315430e-01,5.338551402091979980e-01,3.001938760280609131e-02,5.802604928612709045e-02
1.280548274517059326e-01,9.205161780118942261e-02,7.069466263055801392e-02,1.542087197303771973e-01,4.498614668846130371e-01,3.620938211679458618e-02,6.891939043998718262e-02
1.308314502239227295e-01,9.246431291103363037e-02,7.563915848731994629e-02,1.547597646713256836e-01,4.283634126186370850e-01,4.242475703358650208e-02,7.551713287830352783e-02
1.335563063621520996e-01,9.535835683345794678e-02,8.073150366544723511e-02,1.537880003452301025e-01,4.033004641532897949e-01,5.028988420963287354e-02,8.297536522150039673e-02
1.159947738051414490e-01,6.484366208314895630e-02,5.788180232048034668e-02,1.400130689144134521e-01,5.323338508605957031e-01,3.108437918126583099e-02,5.784844234585762024e-02
1.252527534961700439e-01,8.981446921825408936e-02,6.831595301628112793e-02,1.541377902030944824e-01,4.612347781658172607e-01,3.439283743500709534e-02,6.685138493776321411e-02
9.009978175163269043e-02,4.445980861783027649e-02,3.482798114418983459e-02,1.147148981690406799e-01,6.633514761924743652e-01,1.577092148363590240e-02,3.677508607506752014e-02
1.144990399479866028e-01,6.312502175569534302e-02,5.530571565032005310e-02,1.373771578073501587e-01,5.440087914466857910e-01,2.966907247900962830e-02,5.601522698998451233e-02
8.890517801046371460e-02,4.399836435914039612e-02,3.464538976550102234e-02,1.146468296647071838e-01,6.666734814643859863e-01,1.519795600324869156e-02,3.593275323510169983e-02
1.224698945879936218e-01,7.048524171113967896e-02,6.198131665587425232e-02,1.415073722600936890e-01,5.049664974212646484e-01,3.513200581073760986e-02,6.345771253108978271e-02
1.171621009707450867e-01,7.362768054008483887e-02,5.892126634716987610e-02,1.429905444383621216e-01,5.164146423339843750e-01,3.053493052721023560e-02,6.034882366657257080e-02
1.051693484187126160e-01,6.259141117334365845e-02,4.776510223746299744e-02,1.336900293827056885e-01,5.795423984527587891e-01,2.229810506105422974e-02,4.894357547163963318e-02
1.185451447963714600e-01,6.365807354450225830e-02,5.468738079071044922e-02,1.334150880575180054e-01,5.415332913398742676e-01,3.065543808043003082e-02,5.750562623143196106e-02
1.155767366290092468e-01,6.699788570404052734e-02,5.732558667659759521e-02,1.399315148591995239e-01,5.315804481506347656e-01,3.034807369112968445e-02,5.823986977338790894e-02
1.276861131191253662e-01,8.995535224676132202e-02,7.110787183046340942e-02,1.535334885120391846e-01,4.489479660987854004e-01,3.792419284582138062e-02,7.084496319293975830e-02
1.234049126505851746e-01,8.692607283592224121e-02,6.580463051795959473e-02,1.520264595746994019e-01,4.742916226387023926e-01,3.278278559446334839e-02,6.476354598999023438e-02
9.479508548974990845e-02,5.210553482174873352e-02,3.873776644468307495e-02,1.218188256025314331e-01,6.348909735679626465e-01,1.714529283344745636e-02,4.050656035542488098e-02
1.224901601672172546e-01,7.390442490577697754e-02,6.471274793148040771e-02,1.452763527631759644e-01,4.918808639049530029e-01,3.625362366437911987e-02,6.548186391592025757e-02
1.150963455438613892e-01,7.311182469129562378e-02,5.567033588886260986e-02,1.413440853357315063e-01,5.302349925041198730e-01,2.763218618929386139e-02,5.691027268767356873e-02
1.195649728178977966e-01,7.734373956918716431e-02,6.039023399353027344e-02,1.436368077993392944e-01,5.038987398147583008e-01,3.223900124430656433e-02,6.292652338743209839e-02
7.209334522485733032e-02,2.914037555456161499e-02,2.379458770155906677e-02,9.472009539604187012e-02,7.462258934974670410e-01,9.627091698348522186e-03,2.439863979816436768e-02
1.179566904902458191e-01,7.164274901151657104e-02,6.035862490534782410e-02,1.428887546062469482e-01,5.134878754615783691e-01,3.217034786939620972e-02,6.149490922689437866e-02
9.233295172452926636e-02,4.446567595005035400e-02,3.672358766198158264e-02,1.157210767269134521e-01,6.561617255210876465e-01,1.678852923214435577e-02,3.780633956193923950e-02
7.970698177814483643e-02,4.095984250307083130e-02,2.880934253334999084e-02,1.078281775116920471e-01,7.014246582984924316e-01,1.117773912847042084e-02,3.009324520826339722e-02
1.252572238445281982e-01,8.228809386491775513e-02,6.475014984607696533e-02,1.458171904087066650e-01,4.795241653919219971e-01,3.553550317883491516e-02,6.682756543159484863e-02
1.147124320268630981e-01,6.626276671886444092e-02,5.620050430297851562e-02,1.397206783294677734e-01,5.368282794952392578e-01,2.938101068139076233e-02,5.689430609345436096e-02
1.036016196012496948e-01,5.700905993580818176e-02,4.525523260235786438e-02,1.282987445592880249e-01,5.965970754623413086e-01,2.198211662471294403e-02,4.725614190101623535e-02
1.106324121356010437e-01,6.524191796779632568e-02,5.223019048571586609e-02,1.358370035886764526e-01,5.557102560997009277e-01,2.631777897477149963e-02,5.403046682476997375e-02
1.120645180344581604e-01,6.837251037359237671e-02,5.182718485593795776e-02,1.358850002288818359e-01,5.519528985023498535e-01,2.577447891235351562e-02,5.412337929010391235e-02
1.036743223667144775e-01,5.984291434288024902e-02,4.631450027227401733e-02,1.308848708868026733e-01,5.894019007682800293e-01,2.188135869801044464e-02,4.800021275877952576e-02
1.186814606189727783e-01,7.734279334545135498e-02,6.005590409040451050e-02,1.453807651996612549e-01,5.071324110031127930e-01,3.049853257834911346e-02,6.090811267495155334e-02
7.661597430706024170e-02,3.368008136749267578e-02,2.661820501089096069e-02,1.007673516869544983e-01,7.238301038742065430e-01,1.091839186847209930e-02,2.756995335221290588e-02
1.055626347661018372e-01,5.858677998185157776e-02,4.720773175358772278e-02,1.306779235601425171e-01,5.860176086425781250e-01,2.313636802136898041e-02,4.881086573004722595e-02
1.056521683931350708e-01,6.446003913879394531e-02,4.740731790661811829e-02,1.341685056686401367e-01,5.779800415039062500e-01,2.173900045454502106e-02,4.859296232461929321e-02
9.287007898092269897e-02,4.898280650377273560e-02,3.802456334233283997e-02,1.200967878103256226e-01,6.438082456588745117e-01,1.684132590889930725e-02,3.937626630067825317e-02
8.108127117156982422e-02,3.590825200080871582e-02,2.949438989162445068e-02,1.057226881384849548e-01,7.051846981048583984e-01,1.252754498273134232e-02,3.008119948208332062e-02
1.188133358955383301e-01,7.509415596723556519e-02,6.086180359125137329e-02,1.441459357738494873e-01,5.066941380500793457e-01,3.213398158550262451e-02,6.225661560893058777e-02
1.307988911867141724e-01,9.753690659999847412e-02,7.579574733972549438e-02,1.585018932819366455e-01,4.253745377063751221e-01,3.936598822474479675e-02,7.262606918811798096e-02
1.265197694301605225e-01,8.698131144046783447e-02,7.081475108861923218e-02,1.531886011362075806e-01,4.535266160964965820e-01,3.836370632052421570e-02,7.060523331165313721e-02
7.658664137125015259e-02,3.732275590300559998e-02,2.728409320116043091e-02,1.035360023379325867e-01,7.159305810928344727e-01,1.068240590393543243e-02,2.865754812955856323e-02
1.174829825758934021e-01,7.321132719516754150e-02,5.949451029300689697e-02,1.428484171628952026e-01,5.147895216941833496e-01,3.121972084045410156e-02,6.095349043607711792e-02
9.509330242872238159e-02,5.311568826436996460e-02,3.914976865053176880e-02,1.226937100291252136e-01,6.318231225013732910e-01,1.726696267724037170e-02,4.085739701986312866e-02
7.185755670070648193e-02,3.341961652040481567e-02,2.435265108942985535e-02,9.817090630531311035e-02,7.374525666236877441e-01,9.222061373293399811e-03,2.552469260990619659e-02
9.420119971036911011e-02,4.484902694821357727e-02,3.814427927136421204e-02,1.190612167119979858e-01,6.476462483406066895e-01,1.763398572802543640e-02,3.846407681703567505e-02
1.002789959311485291e-01,5.887718126177787781e-02,4.259809106588363647e-02,1.281201541423797607e-01,6.070230603218078613e-01,1.897101663053035736e-02,4.413157328963279724e-02
7.368188351392745972e-02,3.204268217086791992e-02,2.509898878633975983e-02,9.831658750772476196e-02,7.349089384078979492e-01,1.001312118023633957e-02,2.593775279819965363e-02
1.244344115257263184e-01,7.419893145561218262e-02,6.473015993833541870e-02,1.444783061742782593e-01,4.885181486606597900e-01,3.754407912492752075e-02,6.609600782394409180e-02
1.182294934988021851e-01,7.342286407947540283e-02,6.157962977886199951e-02,1.447491347789764404e-01,5.070216059684753418e-01,3.255799040198326111e-02,6.243925541639328003e-02
8.500312268733978271e-02,4.130445793271064758e-02,3.218355402350425720e-02,1.113944202661514282e-01,6.831517219543457031e-01,1.365839596837759018e-02,3.330424427986145020e-02
1.104187369346618652e-01,6.233351305127143860e-02,5.164954438805580139e-02,1.347050815820693970e-01,5.606204271316528320e-01,2.671906910836696625e-02,5.355366691946983337e-02
1.241258755326271057e-01,8.575958013534545898e-02,6.662169843912124634e-02,1.513803452253341675e-01,4.713219106197357178e-01,3.430221229791641235e-02,6.648837774991989136e-02
9.969405084848403931e-02,4.744111746549606323e-02,4.246885329484939575e-02,1.222793906927108765e-01,6.244012117385864258e-01,2.111744321882724762e-02,4.259796440601348877e-02
1.169716268777847290e-01,6.614111363887786865e-02,5.679452046751976013e-02,1.382398605346679688e-01,5.312964916229248047e-01,3.156333789229393005e-02,5.899308249354362488e-02
8.726025372743606567e-02,4.592444747686386108e-02,3.361410275101661682e-02,1.146503984928131104e-01,6.691161990165710449e-01,1.417939364910125732e-02,3.525527939200401306e-02
1.114426031708717346e-01,6.214925646781921387e-02,5.318605527281761169e-02,1.365007162094116211e-01,5.553680062294006348e-01,2.744546905159950256e-02,5.390790477395057678e-02
1.019554883241653442e-01,6.136360391974449158e-02,4.400051012635231018e-02,1.314899921417236328e-01,5.970105528831481934e-01,1.927313581109046936e-02,4.490675404667854309e-02
1.184972673654556274e-01,7.209941744804382324e-02,6.076788529753684998e-02,1.430826038122177124e-01,5.110741257667541504e-01,3.252817317843437195e-02,6.195060536265373230e-02
6.371423602104187012e-02,2.717961370944976807e-02,1.976996473968029022e-02,8.848784863948822021e-02,7.730841040611267090e-01,7.079386617988348007e-03,2.068481221795082092e-02
1.296528726816177368e-01,9.404334425926208496e-02,7.410476356744766235e-02,1.558796018362045288e-01,4.338921904563903809e-01,3.957347944378852844e-02,7.285370677709579468e-02
1.110846400260925293e-01,5.907259881496429443e-02,4.745329916477203369e-02,1.267306953668594360e-01,5.796046853065490723e-01,2.504982426762580872e-02,5.100426077842712402e-02
9.055461734533309937e-02,4.331942275166511536e-02,3.536989539861679077e-02,1.150123104453086853e-01,6.636215448379516602e-01,1.585074700415134430e-02,3.627151250839233398e-02
8.128864318132400513e-02,3.972889482975006104e-02,2.957480959594249725e-02,1.073532551527023315e-01,6.988059282302856445e-01,1.211992744356393814e-02,3.112856857478618622e-02
1.242400929331779480e-01,7.747649401426315308e-02,6.767924875020980835e-02,1.476267427206039429e-01,4.762911796569824219e-01,3.824912011623382568e-02,6.843711435794830322e-02
1.286284774541854858e-01,9.574594348669052124e-02,7.249799370765686035e-02,1.582857072353363037e-01,4.401803314685821533e-01,3.585685044527053833e-02,6.880477070808410645e-02
1.157658323645591736e-01,7.342462986707687378e-02,5.665481463074684143e-02,1.419942975044250488e-01,5.254378318786621094e-01,2.864421904087066650e-02,5.807831510901451111e-02
1.171252280473709106e-01,6.801527738571166992e-02,5.882074311375617981e-02,1.409238725900650024e-01,5.238904953002929688e-01,3.158445656299591064e-02,5.963985621929168701e-02
8.870493620634078979e-02,4.328448697924613953e-02,3.410439938306808472e-02,1.135562881827354431e-01,6.701158285140991211e-01,1.489376649260520935e-02,3.534029051661491394e-02
9.562722593545913696e-02,5.162663385272026062e-02,3.859870880842208862e-02,1.199926584959030151e-01,6.357580423355102539e-01,1.750084199011325836e-02,4.089595004916191101e-02
9.453751891851425171e-02,4.597848653793334961e-02,3.833911195397377014e-02,1.187202855944633484e-01,6.451920270919799805e-01,1.792916283011436462e-02,3.930336609482765198e-02
1.047745347023010254e-01,6.066658720374107361e-02,4.652557522058486938e-02,1.309230327606201172e-01,5.864549279212951660e-01,2.225553989410400391e-02,4.839980602264404297e-02
1.158532276749610901e-01,7.332375645637512207e-02,5.481603741645812988e-02,1.394601017236709595e-01,5.325397253036499023e-01,2.738549560308456421e-02,5.662176385521888733e-02
1.258782297372817993e-01,8.235786110162734985e-02,6.891058385372161865e-02,1.487103998661041260e-01,4.648561477661132812e-01,3.890538588166236877e-02,7.038145512342453003e-02
1.053762957453727722e-01,6.535919010639190674e-02,4.725870490074157715e-02,1.356832832098007202e-01,5.776408314704895020e-01,2.093471586704254150e-02,4.774701222777366638e-02
1.141398847103118896e-01,7.383521646261215210e-02,5.496208369731903076e-02,1.426823437213897705e-01,5.330112576484680176e-01,2.605449967086315155e-02,5.531467124819755554e-02
9.915211796760559082e-02,4.787987098097801208e-02,4.129703342914581299e-02,1.221511960029602051e-01,6.264863610267639160e-01,2.058575674891471863e-02,4.244761914014816284e-02
1.063090264797210693e-01,6.131740659475326538e-02,4.799418523907661438e-02,1.316690295934677124e-01,5.793339014053344727e-01,2.338569611310958862e-02,4.999072477221488953e-02
1.008787453174591064e-01,6.419514864683151245e-02,4.383033886551856995e-02,1.348539143800735474e-01,5.951435565948486328e-01,1.777838170528411865e-02,4.331995546817779541e-02
8.573523163795471191e-02,3.861149027943611145e-02,3.155446052551269531e-02,1.085627898573875427e-01,6.881543993949890137e-01,1.432906184345483780e-02,3.305260837078094482e-02
1.293255239725112915e-01,9.484438598155975342e-02,7.445713877677917480e-02,1.578593552112579346e-01,4.342596232891082764e-01,3.832944482564926147e-02,7.092449069023132324e-02
1.185006275773048401e-01,7.617935538291931152e-02,5.763274803757667542e-02,1.417036205530166626e-01,5.171806812286376953e-01,2.942334674298763275e-02,5.937951430678367615e-02
1.048252284526824951e-01,5.546176806092262268e-02,4.448976367712020874e-02,1.255805343389511108e-01,6.007540225982666016e-01,2.203355729579925537e-02,4.685508459806442261e-02
9.511820226907730103e-02,5.565389245748519897e-02,3.942525759339332581e-02,1.258534193038940430e-01,6.272255778312683105e-01,1.647703722119331360e-02,4.024659842252731323e-02
1.049486771225929260e-01,5.470297485589981079e-02,4.664611816406250000e-02,1.290728002786636353e-01,5.938841104507446289e-01,2.327187731862068176e-02,4.747350513935089111e-02
1.245346143841743469e-01,9.176170080900192261e-02,6.636206060647964478e-02,1.560289412736892700e-01,4.694513976573944092e-01,3.012608550488948822e-02,6.173513457179069519e-02
9.954585134983062744e-02,5.874108523130416870e-02,4.202048480510711670e-02,1.283062994480133057e-01,6.098775863647460938e-01,1.830094680190086365e-02,4.320767149329185486e-02
1.097438782453536987e-01,6.448670476675033569e-02,5.139207467436790466e-02,1.356430798768997192e-01,5.601744651794433594e-01,2.555991895496845245e-02,5.299992114305496216e-02
1.123926490545272827e-01,6.268118321895599365e-02,5.317624285817146301e-02,1.359838545322418213e-01,5.539772510528564453e-01,2.758715115487575531e-02,5.420161783695220947e-02
1.130999177694320679e-01,6.240625306963920593e-02,5.496959760785102844e-02,1.377985775470733643e-01,5.478035211563110352e-01,2.884297259151935577e-02,5.507912859320640564e-02
1.065654605627059937e-01,5.469921603798866272e-02,4.606246575713157654e-02,1.282224655151367188e-01,5.935055613517761230e-01,2.356574684381484985e-02,4.737903922796249390e-02
7.912592589855194092e-02,3.728728741407394409e-02,2.816236391663551331e-02,1.042601540684700012e-01,7.101469635963439941e-01,1.148411817848682404e-02,2.953316457569599152e-02
1.165126338601112366e-01,6.319916248321533203e-02,5.484835803508758545e-02,1.351121366024017334e-01,5.438065528869628906e-01,2.992435358464717865e-02,5.659678578376770020e-02
1.012541279196739197e-01,5.819353088736534119e-02,4.401387646794319153e-02,1.288253813982009888e-01,6.020261049270629883e-01,2.016177773475646973e-02,4.552518948912620544e-02
8.796995878219604492e-02,3.887992724776268005e-02,3.377417102456092834e-02,1.116137653589248657e-01,6.784341931343078613e-01,1.551568135619163513e-02,3.381226584315299988e-02
1.040882691740989685e-01,6.516586244106292725e-02,4.596934095025062561e-02,1.363035440444946289e-01,5.830737352371215820e-01,1.951982453465461731e-02,4.587946832180023193e-02
1.139635294675827026e-01,6.671481579542160034e-02,5.463279038667678833e-02,1.373120099306106567e-01,5.424352288246154785e-01,2.843636088073253632e-02,5.650528892874717712e-02
8.240266889333724976e-02,3.616229444742202759e-02,2.947170846164226532e-02,1.052881777286529541e-01,7.027204036712646484e-01,1.310242153704166412e-02,3.085231222212314606e-02
1.304270774126052856e-01,9.813213348388671875e-02,7.428020238876342773e-02,1.599125713109970093e-01,4.307273328304290771e-01,3.665533289313316345e-02,6.986529380083084106e-02
1.110223382711410522e-01,6.983090192079544067e-02,5.080302804708480835e-02,1.369665265083312988e-01,5.542544722557067871e-01,2.441206015646457672e-02,5.271079018712043762e-02
8.162322640419006348e-02,3.749365359544754028e-02,2.973716333508491516e-02,1.066394746303558350e-01,7.013341188430786133e-01,1.252131722867488861e-02,3.065107204020023346e-02
9.160143136978149414e-02,4.655944555997848511e-02,3.642580658197402954e-02,1.172709465026855469e-01,6.542521119117736816e-01,1.611658744513988495e-02,3.777361288666725159e-02
1.182613521814346313e-01,6.722158938646316528e-02,5.902820080518722534e-02,1.402310878038406372e-01,5.230609178543090820e-01,3.231062740087509155e-02,5.988625809550285339e-02
1.213099807500839233e-01,7.748357951641082764e-02,6.355312466621398926e-02,1.457363069057464600e-01,4.925713241100311279e-01,3.434131667017936707e-02,6.500427424907684326e-02
9.751363843679428101e-02,4.940854012966156006e-02,3.999969363212585449e-02,1.211818382143974304e-01,6.316663622856140137e-01,1.873875595629215240e-02,4.149121418595314026e-02
1.019746139645576477e-01,5.226198956370353699e-02,4.393075779080390930e-02,1.263860613107681274e-01,6.093854904174804688e-01,2.132765203714370728e-02,4.473347589373588562e-02
1.248243004083633423e-01,8.104976266622543335e-02,6.950092315673828125e-02,1.498821973800659180e-01,4.658666849136352539e-01,3.885228559374809265e-02,7.002390921115875244e-02
1.261911988258361816e-01,9.045418351888656616e-02,6.899274885654449463e-02,1.542538255453109741e-01,4.579333961009979248e-01,3.481982275843620300e-02,6.735485047101974487e-02
1.008462682366371155e-01,6.382254511117935181e-02,4.366211965680122375e-02,1.343681216239929199e-01,5.962101817131042480e-01,1.778271608054637909e-02,4.330813512206077576e-02
1.279862821102142334e-01,8.625624328851699829e-02,7.182672619819641113e-02,1.512751579284667969e-01,4.491049051284790039e-01,4.072258621454238892e-02,7.282813638448715210e-02
1.159449666738510132e-01,6.829021871089935303e-02,5.815891921520233154e-02,1.412063091993331909e-01,5.267872810363769531e-01,3.067668527364730835e-02,5.893561244010925293e-02
8.498646318912506104e-02,4.236405342817306519e-02,3.184076398611068726e-02,1.106262579560279846e-01,6.835826635360717773e-01,1.330368872731924057e-02,3.329620510339736938e-02
1.245224773883819580e-01,8.160374313592910767e-02,6.635728478431701660e-02,1.483206599950790405e-01,4.751052260398864746e-01,3.645921498537063599e-02,6.763142347335815430e-02
9.497296810150146484e-02,4.704849794507026672e-02,3.895273804664611816e-02,1.203304380178451538e-01,6.411241292953491211e-01,1.793824136257171631e-02,3.963302820920944214e-02
1.135543882846832275e-01,6.673368811607360840e-02,5.370561406016349792e-02,1.361384987831115723e-01,5.458881258964538574e-01,2.794669196009635925e-02,5.603297427296638489e-02
8.424704521894454956e-02,4.058915749192237854e-02,3.142689540982246399e-02,1.100037917494773865e-01,6.877727508544921875e-01,1.328112091869115829e-02,3.267924487590789795e-02
1.039166897535324097e-01,5.768460407853126526e-02,4.623050615191459656e-02,1.295797973871231079e-01,5.925526618957519531e-01,2.227422222495079041e-02,4.776155576109886169e-02
1.063001379370689392e-01,6.779225170612335205e-02,4.881226643919944763e-02,1.384951472282409668e-01,5.685572624206542969e-01,2.133765816688537598e-02,4.870527237653732300e-02
1.273189038038253784e-01,8.367122709751129150e-02,7.156615704298019409e-02,1.502193212509155273e-01,4.533793032169342041e-01,4.112823680043220520e-02,7.271685451269149780e-02
1.007944345474243164e-01,6.017984449863433838e-02,4.268941655755043030e-02,1.295389980077743530e-01,6.042614579200744629e-01,1.869610883295536041e-02,4.383970052003860474e-02
1.073864772915840149e-01,5.865907296538352966e-02,4.867912828922271729e-02,1.319084465503692627e-01,5.792966485023498535e-01,2.424154430627822876e-02,4.982860013842582703e-02
8.406244218349456787e-02,3.774131834506988525e-02,3.151345998048782349e-02,1.089113280177116394e-01,6.921157836914062500e-01,1.367622707039117813e-02,3.197942674160003662e-02
7.578568905591964722e-02,3.206584975123405457e-02,2.613856270909309387e-02,9.975204616785049438e-02,7.288570404052734375e-01,1.069613825529813766e-02,2.670462988317012787e-02
9.054177999496459961e-02,4.390202462673187256e-02,3.542450815439224243e-02,1.153526231646537781e-01,6.623389720916748047e-01,1.588626019656658173e-02,3.655384108424186707e-02
7.937096059322357178e-02,3.351659700274467468e-02,2.835229784250259399e-02,1.033514291048049927e-01,7.147154808044433594e-01,1.217183098196983337e-02,2.852138131856918335e-02
9.939721226692199707e-02,5.510776489973068237e-02,4.248850792646408081e-02,1.256332844495773315e-01,6.133874058723449707e-01,1.971430703997612000e-02,4.427148401737213135e-02
9.373303502798080444e-02,5.190961807966232300e-02,3.844358026981353760e-02,1.219354346394538879e-01,6.371925473213195801e-01,1.679380051791667938e-02,3.999196738004684448e-02
1.150486841797828674e-01,6.572469323873519897e-02,5.469280481338500977e-02,1.364356130361557007e-01,5.424215197563171387e-01,2.897851727902889252e-02,5.669821053743362427e-02
1.129213571548461914e-01,6.139436364173889160e-02,5.489804595708847046e-02,1.378216892480850220e-01,5.494797825813293457e-01,2.885659784078598022e-02,5.462813004851341248e-02
1.259492486715316772e-01,7.882441580295562744e-02,6.667710095643997192e-02,1.465202122926712036e-01,4.747000038623809814e-01,3.861765190958976746e-02,6.871130317449569702e-02
1.178162917494773865e-01,7.318823039531707764e-02,5.973577126860618591e-02,1.426354646682739258e-01,5.137432217597961426e-01,3.154074400663375854e-02,6.134033948183059692e-02
1.115145534276962280e-01,7.173802703619003296e-02,5.216428637504577637e-02,1.400295346975326538e-01,5.478470325469970703e-01,2.406106144189834595e-02,5.264548957347869873e-02
7.658416777849197388e-02,3.328578919172286987e-02,2.639795094728469849e-02,1.001389995217323303e-01,7.253094911575317383e-01,1.088903564959764481e-02,2.739454805850982666e-02
1.281218975782394409e-01,9.360243380069732666e-02,7.221585512161254883e-02,1.563364714384078979e-01,4.423120021820068359e-01,3.718699887394905090e-02,7.022433727979660034e-02
1.148334667086601257e-01,7.029804587364196777e-02,5.684527382254600525e-02,1.407617777585983276e-01,5.296114683151245117e-01,2.928879298269748688e-02,5.836122110486030579e-02
1.251094043254852295e-01,8.531235903501510620e-02,6.688003987073898315e-02,1.500860452651977539e-01,4.700111150741577148e-01,3.531074896454811096e-02,6.729029119014739990e-02
1.270743906497955322e-01,8.461401611566543579e-02,7.095874845981597900e-02,1.504434794187545776e-01,4.546516835689544678e-01,4.019182175397872925e-02,7.206588238477706909e-02
9.246252477169036865e-02,4.773544520139694214e-02,3.714408352971076965e-02,1.183412522077560425e-01,6.491054892539978027e-01,1.657373830676078796e-02,3.863752260804176331e-02
1.219311356544494629e-01,7.615729421377182007e-02,6.412967294454574585e-02,1.449377089738845825e-01,4.919036328792572021e-01,3.529464825987815857e-02,6.564594060182571411e-02
1.165199279785156250e-01,7.362516969442367554e-02,5.564278364181518555e-02,1.399460881948471069e-01,5.283900499343872070e-01,2.821980416774749756e-02,5.765620619058609009e-02
1.256168484687805176e-01,7.378156483173370361e-02,6.760482490062713623e-02,1.463922858238220215e-01,4.781242012977600098e-01,4.052734375000000000e-02,6.795296818017959595e-02
1.138462573289871216e-01,6.208045408129692078e-02,5.283714830875396729e-02,1.350834816694259644e-01,5.534688234329223633e-01,2.836743183434009552e-02,5.431642755866050720e-02
1.209876015782356262e-01,7.581030577421188354e-02,6.092650815844535828e-02,1.420489996671676636e-01,5.035231709480285645e-01,3.317430615425109863e-02,6.352915614843368530e-02
1.037399321794509888e-01,5.261473730206489563e-02,4.478169605135917664e-02,1.264707893133163452e-01,6.029884815216064453e-01,2.293882891535758972e-02,4.646552726626396179e-02
1.218853071331977844e-01,8.118683099746704102e-02,6.385026872158050537e-02,1.482647955417633057e-01,4.872204959392547607e-01,3.317107260227203369e-02,6.442119926214218140e-02
6.781486421823501587e-02,3.187830746173858643e-02,2.203549258410930634e-02,9.420987963676452637e-02,7.526856660842895508e-01,7.982155308127403259e-03,2.339363284409046173e-02
1.283027827739715576e-01,8.866362273693084717e-02,7.229450345039367676e-02,1.530955880880355835e-01,4.452931582927703857e-01,3.992384672164916992e-02,7.242647558450698853e-02
1.078104749321937561e-01,6.169079244136810303e-02,4.944162070751190186e-02,1.330664604902267456e-01,5.724357366561889648e-01,2.443354390561580658e-02,5.112143233418464661e-02
1.193937659263610840e-01,6.955377757549285889e-02,6.066680327057838440e-02,1.411276161670684814e-01,5.142524838447570801e-01,3.325350210070610046e-02,6.175207719206809998e-02
9.556378424167633057e-02,5.263741314411163330e-02,3.993162140250205994e-02,1.231588721275329590e-01,6.292411088943481445e-01,1.790064387023448944e-02,4.156668111681938171e-02
1.098391264677047729e-01,5.763133615255355835e-02,5.127572640776634216e-02,1.336849480867385864e-01,5.692857503890991211e-01,2.677134238183498383e-02,5.151179805397987366e-02
1.122628226876258850e-01,6.549867242574691772e-02,5.284636840224266052e-02,1.355716884136199951e-01,5.517223477363586426e-01,2.719120308756828308e-02,5.490698665380477905e-02
9.797418117523193359e-02,5.057714879512786865e-02,4.113505780696868896e-02,1.237066611647605896e-01,6.253949403762817383e-01,1.913070492446422577e-02,4.208134487271308899e-02
9.395264834165573120e-02,5.116742476820945740e-02,3.861114382743835449e-02,1.217044591903686523e-01,6.373124122619628906e-01,1.703884266316890717e-02,4.021309316158294678e-02
8.024227619171142578e-02,4.143569990992546082e-02,2.881859429180622101e-02,1.077596768736839294e-01,6.999979019165039062e-01,1.135873887687921524e-02,3.038715571165084839e-02
1.191494017839431763e-01,7.143519818782806396e-02,6.136303767561912537e-02,1.431482136249542236e-01,5.093458890914916992e-01,3.326243162155151367e-02,6.229584664106369019e-02
1.113596037030220032e-01,7.155223935842514038e-02,5.221856012940406799e-02,1.404253095388412476e-01,5.474257469177246094e-01,2.422523498535156250e-02,5.279337242245674133e-02
1.032091826200485229e-01,5.835690721869468689e-02,4.435789212584495544e-02,1.268880367279052734e-01,5.990732312202453613e-01,2.122398093342781067e-02,4.689081013202667236e-02
1.264995783567428589e-01,8.202641457319259644e-02,7.045310735702514648e-02,1.493063271045684814e-01,4.598226845264434814e-01,4.026232287287712097e-02,7.162956893444061279e-02
8.833409845829010010e-02,3.860865160822868347e-02,3.382414206862449646e-02,1.102961674332618713e-01,6.788970828056335449e-01,1.576311886310577393e-02,3.427677601575851440e-02
9.531569480895996094e-02,5.056947842240333557e-02,3.972611576318740845e-02,1.221333667635917664e-01,6.331971883773803711e-01,1.795298047363758087e-02,4.110523685812950134e-02
1.218442991375923157e-01,7.602874189615249634e-02,5.882293730974197388e-02,1.388678252696990967e-01,5.100000500679016113e-01,3.222820535302162170e-02,6.220800429582595825e-02
1.228821799159049988e-01,8.002981543540954590e-02,6.525224447250366211e-02,1.472648233175277710e-01,4.826374053955078125e-01,3.539172932505607605e-02,6.654176861047744751e-02
6.548485159873962402e-02,3.015158325433731079e-02,2.077289484441280365e-02,9.114448726177215576e-02,7.629149556159973145e-01,7.419635541737079620e-03,2.211148850619792938e-02
1.295453161001205444e-01,9.188549965620040894e-02,7.344193011522293091e-02,1.538999080657958984e-01,4.374761283397674561e-01,4.030869528651237488e-02,7.344257831573486328e-02
8.484063297510147095e-02,4.652127996087074280e-02,3.191085532307624817e-02,1.139615774154663086e-01,6.769558787345886230e-01,1.260846387594938278e-02,3.320132568478584290e-02
1.132025271654129028e-01,6.269552558660507202e-02,5.465538427233695984e-02,1.374218761920928955e-01,5.482940673828125000e-01,2.871537767350673676e-02,5.501530691981315613e-02
7.623131573200225830e-02,3.227933868765830994e-02,2.635336853563785553e-02,1.001871153712272644e-01,7.271544337272644043e-01,1.086431555449962616e-02,2.693011052906513214e-02
1.064164340496063232e-01,5.435617640614509583e-02,4.614022001624107361e-02,1.270927935838699341e-01,5.948685407638549805e-01,2.345527894794940948e-02,4.767053574323654175e-02
1.174178272485733032e-01,7.569171488285064697e-02,5.859638005495071411e-02,1.440144628286361694e-01,5.150668621063232422e-01,2.958328649401664734e-02,5.962943285703659058e-02
1.108351796865463257e-01,6.047304347157478333e-02,5.246691033244132996e-02,1.355123668909072876e-01,5.604484677314758301e-01,2.722249925136566162e-02,5.304151028394699097e-02
1.088361293077468872e-01,7.010818272829055786e-02,4.790361970663070679e-02,1.361246556043624878e-01,5.693081021308898926e-01,2.042037807404994965e-02,4.729897528886795044e-02
1.121034175157546997e-01,6.953000277280807495e-02,5.344679951667785645e-02,1.393295973539352417e-01,5.446963906288146973e-01,2.617012150585651398e-02,5.472365021705627441e-02
8.689363300800323486e-02,4.132646322250366211e-02,3.340594097971916199e-02,1.125972047448158264e-01,6.769680976867675781e-01,1.459091715514659882e-02,3.421773761510848999e-02
1.230760440230369568e-01,8.481916040182113647e-02,6.508988142013549805e-02,1.505251824855804443e-01,4.785325229167938232e-01,3.302543610334396362e-02,6.493175029754638672e-02
9.917260706424713135e-02,4.862159490585327148e-02,4.220269620418548584e-02,1.240339577198028564e-01,6.232813596725463867e-01,2.031662501394748688e-02,4.237120598554611206e-02
7.864151895046234131e-02,3.333926200866699219e-02,2.784675173461437225e-02,1.021194905042648315e-01,7.178449034690856934e-01,1.182869356125593185e-02,2.837934345006942749e-02
1.245153471827507019e-01,7.539705932140350342e-02,6.462171673774719238e-02,1.453564763069152832e-01,4.875196218490600586e-01,3.658250719308853149e-02,6.600728631019592285e-02
9.016696363687515259e-02,4.474355652928352356e-02,3.511312231421470642e-02,1.148799732327461243e-01,6.630592346191406250e-01,1.553205773234367371e-02,3.650515154004096985e-02
9.737651795148849487e-02,5.391562357544898987e-02,4.222766682505607605e-02,1.258296072483062744e-01,6.180148124694824219e-01,1.913959160447120667e-02,4.349618777632713318e-02
8.426106721162796021e-02,3.730549663305282593e-02,3.117498569190502167e-02,1.075660288333892822e-01,6.941351890563964844e-01,1.370903011411428452e-02,3.184818848967552185e-02
1.039226800203323364e-01,5.949686467647552490e-02,4.645000025629997253e-02,1.303487867116928101e-01,5.889288187026977539e-01,2.238498628139495850e-02,4.846777021884918213e-02
1.004630699753761292e-01,5.867130681872367859e-02,4.538950696587562561e-02,1.323411315679550171e-01,5.969634056091308594e-01,2.035149931907653809e-02,4.582007974386215210e-02
1.223733276128768921e-01,7.379094511270523071e-02,6.438784301280975342e-02,1.449429243803024292e-01,4.932451844215393066e-01,3.599397838115692139e-02,6.526581197977066040e-02
1.304904669523239136e-01,9.799299389123916626e-02,7.503284513950347900e-02,1.592955887317657471e-01,4.282521307468414307e-01,3.782745450735092163e-02,7.110854983329772949e-02
1.153604686260223389e-01,7.365497946739196777e-02,5.566577985882759094e-02,1.415145099163055420e-01,5.290054678916931152e-01,2.766194567084312439e-02,5.713689327239990234e-02
8.700888603925704956e-02,4.025234282016754150e-02,3.332494199275970459e-02,1.118992269039154053e-01,6.787390112876892090e-01,1.477260608226060867e-02,3.400301188230514526e-02
1.207192391157150269e-01,7.917267084121704102e-02,6.053432077169418335e-02,1.446953415870666504e-01,5.018779039382934570e-01,3.118190355598926544e-02,6.181871145963668823e-02
1.076285094022750854e-01,6.324040889739990234e-02,4.862628504633903503e-02,1.322511285543441772e-01,5.735794305801391602e-01,2.377984113991260529e-02,5.089445039629936218e-02
1.066010892391204834e-01,5.646621435880661011e-02,4.675249755382537842e-02,1.281274259090423584e-01,5.900435447692871094e-01,2.343544736504554749e-02,4.857384786009788513e-02
1.128411367535591125e-01,7.072960585355758667e-02,5.446665734052658081e-02,1.405467540025711060e-01,5.392419099807739258e-01,2.667770721018314362e-02,5.549623817205429077e-02
1.032005473971366882e-01,5.537180230021476746e-02,4.567734152078628540e-02,1.288926899433135986e-01,5.981080532073974609e-01,2.207771502435207367e-02,4.667180776596069336e-02
1.231950968503952026e-01,7.620154321193695068e-02,6.614468991756439209e-02,1.461955457925796509e-01,4.841695725917816162e-01,3.699858114123344421e-02,6.709492206573486328e-02
7.266418635845184326e-02,3.062174469232559204e-02,2.415085397660732269e-02,9.607598185539245605e-02,7.419551014900207520e-01,9.593520313501358032e-03,2.493857033550739288e-02
1.262600123882293701e-01,9.049247205257415771e-02,6.953936815261840820e-02,1.542945057153701782e-01,4.555529356002807617e-01,3.560629859566688538e-02,6.825444847345352173e-02
5.910003930330276489e-02,2.343040332198143005e-02,1.747613400220870972e-02,8.307603746652603149e-02,7.926828861236572266e-01,6.133857183158397675e-03,1.810067892074584961e-02
1.071122139692306519e-01,6.705525517463684082e-02,4.838576540350914001e-02,1.366499364376068115e-01,5.701370835304260254e-01,2.170256339013576508e-02,4.895722866058349609e-02
1.306352764368057251e-01,9.683534502983093262e-02,7.565877586603164673e-02,1.578160375356674194e-01,4.261313974857330322e-01,3.975969925522804260e-02,7.316344976425170898e-02
8.029044419527053833e-02,3.669402375817298889e-02,2.895680256187915802e-02,1.058520525693893433e-01,7.063508033752441406e-01,1.203284878283739090e-02,2.982299961149692535e-02
1.247845664620399475e-01,8.366536349058151245e-02,6.766019016504287720e-02,1.499465256929397583e-01,4.690251052379608154e-01,3.660051897168159485e-02,6.831762939691543579e-02
1.046589761972427368e-01,5.969619750976562500e-02,4.667671397328376770e-02,1.302721053361892700e-01,5.875933170318603516e-01,2.252578921616077423e-02,4.857691749930381775e-02
1.138612553477287292e-01,6.788782775402069092e-02,5.518788099288940430e-02,1.384548395872116089e-01,5.391805768013000488e-01,2.851911447942256927e-02,5.690854415297508240e-02
1.117854192852973938e-01,6.926217675209045410e-02,5.155486986041069031e-02,1.366914808750152588e-01,5.521516203880310059e-01,2.512868866324424744e-02,5.342580378055572510e-02
1.035611703991889954e-01,6.229164823889732361e-02,4.597775265574455261e-02,1.329864710569381714e-01,5.874587893486022949e-01,2.075805515050888062e-02,4.696612060070037842e-02
1.192522794008255005e-01,7.962901145219802856e-02,6.007965281605720520e-02,1.472914814949035645e-01,5.037255883216857910e-01,2.976657636463642120e-02,6.025543808937072754e-02
9.430657327175140381e-02,4.729554057121276855e-02,3.829928860068321228e-02,1.198225542902946472e-01,6.436824798583984375e-01,1.738536544144153595e-02,3.920813649892807007e-02
1.212253272533416748e-01,8.137160539627075195e-02,6.178512796759605408e-02,1.468802094459533691e-01,4.953773915767669678e-01,3.114337474107742310e-02,6.221694871783256531e-02
1.240160465240478516e-01,7.975045591592788696e-02,6.667201220989227295e-02,1.472023874521255493e-01,4.770251214504241943e-01,3.715436905622482300e-02,6.817955523729324341e-02
1.287068724632263184e-01,8.520642668008804321e-02,7.360494136810302734e-02,1.510189026594161987e-01,4.438343048095703125e-01,4.291744157671928406e-02,7.471112906932830811e-02
8.358607441186904907e-02,4.058303683996200562e-02,3.088037110865116119e-02,1.089186668395996094e-01,6.907109618186950684e-01,1.295952778309583664e-02,3.236131742596626282e-02
1.264965236186981201e-01,8.682991564273834229e-02,6.965173780918121338e-02,1.518658846616744995e-01,4.578100740909576416e-01,3.753253817558288574e-02,6.981328874826431274e-02
1.190558597445487976e-01,6.374948471784591675e-02,5.744827538728713989e-02,1.381713151931762695e-01,5.300308465957641602e-01,3.298347815871238708e-02,5.856074392795562744e-02
1.149097755551338196e-01,6.587277352809906006e-02,5.678062885999679565e-02,1.398462951183319092e-01,5.353792309761047363e-01,2.989001572132110596e-02,5.732131749391555786e-02
1.073381304740905762e-01,6.531186401844024658e-02,4.866423830389976501e-02,1.350327283143997192e-01,5.706065893173217773e-01,2.286039479076862335e-02,5.018604174256324768e-02
1.228230670094490051e-01,7.629149407148361206e-02,6.524042040109634399e-02,1.458747237920761108e-01,4.870368540287017822e-01,3.629361093044281006e-02,6.643975526094436646e-02
1.348143517971038818e-01,9.302535653114318848e-02,8.071437478065490723e-02,1.539293080568313599e-01,4.057591855525970459e-01,4.984164237976074219e-02,8.191572874784469604e-02
1.128063052892684937e-01,6.722999364137649536e-02,5.407197028398513794e-02,1.374638974666595459e-01,5.447203516960144043e-01,2.772623114287853241e-02,5.598134920001029968e-02
1.240082755684852600e-01,7.686995714902877808e-02,6.534060090780258179e-02,1.451450139284133911e-01,4.846383929252624512e-01,3.688720986247062683e-02,6.711055338382720947e-02
8.645868301391601562e-02,3.997294977307319641e-02,3.197969123721122742e-02,1.098085790872573853e-01,6.833371520042419434e-01,1.458819210529327393e-02,3.385471925139427185e-02
1.027037650346755981e-01,5.386643111705780029e-02,4.409334436058998108e-02,1.254983097314834595e-01,6.064923405647277832e-01,2.150229550898075104e-02,4.584346339106559753e-02
5.841696634888648987e-02,2.375827170908451080e-02,1.725609600543975830e-02,8.247571438550949097e-02,7.941008806228637695e-01,5.965465679764747620e-03,1.802655868232250214e-02
1.254872530698776245e-01,8.830567449331283569e-02,6.857374310493469238e-02,1.537146121263504028e-01,4.616118073463439941e-01,3.508522734045982361e-02,6.722172349691390991e-02
1.043239608407020569e-01,6.528656929731369019e-02,4.585765302181243896e-02,1.350940316915512085e-01,5.835305452346801758e-01,1.974637247622013092e-02,4.616081342101097107e-02
1.324279010295867920e-01,9.869249910116195679e-02,7.842918485403060913e-02,1.583406478166580200e-01,4.132902324199676514e-01,4.258965700864791870e-02,7.622990012168884277e-02
9.102662652730941772e-02,4.368093982338905334e-02,3.536390140652656555e-02,1.147207468748092651e-01,6.618561148643493652e-01,1.635956577956676483e-02,3.699216991662979126e-02
1.239424049854278564e-01,8.516439050436019897e-02,6.639671325683593750e-02,1.509391963481903076e-01,4.730194211006164551e-01,3.424074128270149231e-02,6.629716604948043823e-02
9.444210678339004517e-02,5.578690767288208008e-02,3.920064866542816162e-02,1.274311393499374390e-01,6.282151937484741211e-01,1.574354805052280426e-02,3.918053954839706421e-02
8.787831664085388184e-02,4.451053217053413391e-02,3.358307108283042908e-02,1.134140789508819580e-01,6.709437966346740723e-01,1.440700236707925797e-02,3.526325151324272156e-02
9.806739538908004761e-02,5.213934183120727539e-02,4.158732667565345764e-02,1.241572946310043335e-01,6.217051744461059570e-01,1.933552511036396027e-02,4.300786554813385010e-02
8.535433560609817505e-02,3.911365196108818054e-02,3.225611150264739990e-02,1.107658371329307556e-01,6.858008503913879395e-01,1.399677433073520660e-02,3.271235898137092590e-02
8.679134398698806763e-02,4.173205420374870300e-02,3.315976262092590332e-02,1.127569973468780518e-01,6.767234206199645996e-01,1.449670363217592239e-02,3.433979675173759460e-02
1.109620407223701477e-01,5.900163203477859497e-02,5.317557603120803833e-02,1.350564509630203247e-01,5.610880255699157715e-01,2.772821672260761261e-02,5.298806354403495789e-02
1.148903816938400269e-01,6.815220415592193604e-02,5.704259127378463745e-02,1.402227133512496948e-01,5.316945314407348633e-01,2.975639887154102325e-02,5.824117362499237061e-02
1.085757091641426086e-01,6.296908855438232422e-02,5.056866630911827087e-02,1.342379599809646606e-01,5.662841796875000000e-01,2.513625845313072205e-02,5.222811549901962280e-02
1.008678898215293884e-01,5.237993225455284119e-02,4.323105141520500183e-02,1.253847628831863403e-01,6.128732562065124512e-01,2.081145904958248138e-02,4.445162415504455566e-02
8.689453452825546265e-02,4.304574057459831238e-02,3.329238295555114746e-02,1.127552539110183716e-01,6.750428676605224609e-01,1.433075685054063797e-02,3.463843092322349548e-02
9.802367538213729858e-02,5.355590954422950745e-02,4.192941263318061829e-02,1.251807361841201782e-01,6.187121272087097168e-01,1.922785490751266479e-02,4.337036237120628357e-02
1.321261078119277954e-01,1.001968011260032654e-01,7.461058348417282104e-02,1.629638075828552246e-01,4.253558218479156494e-01,3.569813817739486694e-02,6.904879957437515259e-02
1.242377534508705139e-01,7.972139865159988403e-02,6.764277070760726929e-02,1.478949934244155884e-01,4.737587869167327881e-01,3.784551098942756653e-02,6.889878958463668823e-02
1.396321803331375122e-01,1.078054830431938171e-01,9.544067084789276123e-02,1.604522913694381714e-01,3.414969742298126221e-01,6.139761209487915039e-02,9.377483278512954712e-02
1.042690202593803406e-01,6.171254441142082214e-02,4.614387452602386475e-02,1.318514347076416016e-01,5.870373249053955078e-01,2.135115675628185272e-02,4.763473942875862122e-02
